Lease,Hardware Ethernet,Client Hostname
10.42.203.231,e4:fd:45:38:0f:cc,DESKTOP-T2DO8C1
10.42.203.233,0a:e0:af:a8:0a:ff,DESKTOP-J3JNURG
10.42.203.232,22:a4:4f:e3:64:07,Galaxy-A03-Core
10.42.203.230,e0:bb:9e:6a:d7:9f,EPSON6AD79F
10.42.188.2,54:bf:64:9d:6d:c7,EC-AP95
10.42.188.25,00:9e:ee:1a:8e:61,humap-wk-521533
10.42.188.24,84:a9:3e:f1:cc:96,humap-wk-254892
10.42.188.16,84:a9:3e:f1:cc:89,HUMAP-WK-254922
10.42.188.17,84:a9:3e:f1:cc:6f,HUMAP-WK-254924
10.42.188.18,84:a9:3e:f1:cc:b2,HUMAP-WK-254929
10.42.188.15,84:a9:3e:f1:17:eb,HUMAP-WK-254946
10.42.188.19,a4:bb:6d:7c:2c:10,humap-wk-257121
10.42.188.20,a4:bb:6d:7c:31:dc,humap-wk-257140
10.42.188.22,a8:a1:59:96:34:f5,humap-wk-258776
10.42.188.3,54:bf:64:6e:ae:d0,Aria-01
10.42.186.10,84:a9:3e:f1:cc:b5,HUMAP-WK-254955
10.42.186.18,70:85:c2:f1:c0:b0,humap-wk-255832
10.42.186.20,70:85:c2:f1:c1:7c,humap-wk-255825
10.42.186.19,70:85:c2:f1:c1:06,humap-wk-255824
10.42.186.21,70:85:c2:f1:c1:82,HUMAP-WK-255896
10.42.186.26,70:85:c2:f1:c1:13,humap-wk-255902
10.42.186.22,70:85:c2:f1:c1:51,humap-wk-255903
10.42.186.24,70:85:c2:f1:bf:c0,humap-wk-255904
10.42.186.25,70:85:c2:ca:d9:1b,humap-wk-255919
10.42.186.23,70:85:c2:ca:d9:bd,humap-wk-255920
10.42.186.14,84:a9:3e:f1:cc:fa,humap-wk-519174
10.42.186.30,9c:6b:00:0f:20:05,humap-wk-525416
10.42.184.21,70:85:c2:f5:06:cc,HUMAP-WK-255909
10.42.184.22,70:85:c2:ca:d6:2d,HUMAP-WK-255913
10.42.184.11,a8:a1:59:17:9b:91,humap-wk-256660
10.42.184.15,64:1c:67:a4:bb:81,humap-wk-258625
10.42.184.20,70:85:c2:f1:c1:0f,humap-wk-524528
10.42.180.50,fc:aa:14:f4:cc:0c,HUMAP-WK-242566
10.42.180.58,a8:a1:59:17:9b:55,HUMAP-WK-256685
10.42.180.62,a8:a1:59:05:ba:3f,HUMAP-WK-256729
10.42.180.63,a8:a1:59:05:b8:07,HUMAP-WK-256687
10.42.180.64,a8:a1:59:12:0e:61,HUMAP-WK-256719
10.42.180.70,dc:35:f1:f7:34:cb,HUMAP-WK-256361
10.42.180.76,a8:a1:59:d3:27:56,HUMAP-WK-257989
10.42.178.15,a8:a1:59:12:1a:3f,humap-wk-256794
10.42.178.16,9c:6b:00:0f:20:2b,humap-wk-525383
10.42.178.17,a8:a1:59:96:33:ad,humap-wk-258784
10.42.178.23,a8:a1:59:17:9b:73,humap-wk-256716
10.42.178.26,a8:a1:59:05:b5:28,HUMAP-WK-256726
10.42.178.27,dc:35:f1:f7:35:5b,HUMAP-WK-256312
10.42.178.28,dc:35:f1:f7:35:40,HUMAP-WK-256353
10.42.178.29,dc:35:f1:f7:34:fb,HUMAP-WK-256318
10.42.178.30,70:85:c2:ca:d9:34,dash
10.42.178.32,a8:a1:59:17:9c:63,HUMAP-WK-256730
10.42.178.34,dc:35:f1:f7:35:8c,HUMAP-WK-256333
10.42.178.51,9c:6b:00:0f:16:4c,AC12G
10.42.178.52,a8:a1:59:05:b7:f3,HUMAP-WK-256731
10.42.178.54,dc:35:f1:f7:34:b9,HUMAP-WK-256324
10.42.178.59,dc:35:f1:f7:35:7c,HUMAP-WK-256323
10.42.178.60,70:85:c2:ca:d6:2c,dash
10.42.178.70,a8:a1:59:05:b5:af,humap-wk-256781
10.42.178.71,a8:a1:59:17:9c:46,humap-wk-256789
10.42.178.72,a8:a1:59:17:9d:74,humap-wk-256786
10.42.178.73,a8:a1:59:12:1e:e3,humap-wk-256787
10.42.178.74,a8:a1:59:74:df:66,humap-wk-256792
10.42.178.75,a8:a1:59:05:b7:ce,humap-wk-256793
10.42.178.76,a8:a1:59:05:b5:ca,humap-wk-256785
10.42.178.77,a8:a1:59:17:9c:97,HUMAP-WK-256690
10.42.178.78,9c:6b:00:0f:1f:92,humap-wk-525385
10.42.178.79,a8:a1:59:12:1e:ef,humap-wk-256761
10.42.178.81,a8:a1:59:31:ac:72,humap-wk-257066
10.42.178.82,a8:a1:59:12:1e:23,humap-wk-256714
10.42.178.84,84:a9:3e:f1:cc:b6,HUMAP-WK-254979
10.42.178.85,70:85:c2:f1:ba:ae,HUMAP-WK-255905
10.42.178.86,a8:a1:59:81:79:22,HUMAP-WK-257984
10.42.178.101,2c:f0:5d:0b:be:98,humap-wk-257263
10.42.176.10,fc:aa:14:f4:d4:f5,humap-wk-247893
10.42.176.15,fc:aa:14:fd:05:54,humap-wk-250767
10.42.176.25,a8:a1:59:d3:27:4f,humap-wk-257990
10.42.176.27,94:de:80:f6:ba:44,humap-wk-245549
10.42.176.31,84:a9:3e:f1:cc:70,humap-wk-519160
10.42.176.33,84:a9:3e:f1:cc:c5,HUMAP-WK-254957
10.42.176.34,a8:a1:59:81:7a:db,HUMAP-WK-258038
10.42.176.35,84:a9:3e:f1:cc:d2,humap-wk-519161
10.42.176.42,70:85:c2:f1:c0:7a,HUMAP-WK-255891
10.42.176.45,a8:a1:59:05:bc:44,humap-wk-256778
10.42.176.47,e0:d5:5e:8c:e7:f6,HUMAP-WK-254034
10.42.176.49,a8:a1:59:6a:32:c4,humap-wk-258770
10.42.176.50,a8:a1:59:81:5e:53,humap-wk-258765
10.42.174.13,70:85:c2:f1:bd:c7,HUMAP-WK-255782
10.42.174.17,a8:a1:59:05:b5:9b,HUMAP-WK-256766
10.42.174.25,a8:a1:59:6a:33:b2,HUMAP-WK-258745
10.42.174.30,84:a9:3e:f1:cc:ba,HUMAP-WK-254917
10.42.174.31,a8:a1:59:12:18:89,HUMAP-WK-256770
10.42.174.34,70:85:c2:f1:c1:16,humap-wk-255857
10.42.174.36,70:85:c2:f5:2a:7d,HUMAP-WK-255831
10.42.174.37,a8:a1:59:81:7b:03,HUMAP-WK-257992
10.42.174.41,a8:a1:59:81:7b:0f,humap-wk-257999
10.42.174.42,84:a9:3e:f1:cc:d8,HUMAP-WK-254930
10.42.174.43,84:a9:3e:f1:cc:e3,HUMAP-WK-254940
10.42.174.46,a8:a1:59:96:34:3a,humap-wk-258751
10.42.174.48,84:a9:3e:f1:cc:ab,humap-wk-254863
10.42.174.50,fc:aa:14:f4:d9:2b,HUMAP-WK-242149
10.42.172.10,9c:6b:00:0f:28:15,humap-wk-525381
10.42.172.12,a8:a1:59:81:7b:42,HUMAP-WK-258050
10.42.172.13,a8:a1:59:05:b8:29,HUMAP-WK-256765
10.42.172.14,84:a9:3e:f1:cc:c0,humap-wk-254869
10.42.172.16,a8:a1:59:6a:36:3a,HUMAP-WK-258753
10.42.172.17,a8:a1:59:81:79:69,HUMAP-WK-258047
10.42.172.18,84:a9:3e:f1:cc:db,HUMAP-WK-254859
10.42.172.21,84:a9:3e:f1:dc:14,HUMAP-WK-254903
10.42.172.23,84:a9:3e:f1:cc:b8,HUMAP-WK-254874
10.42.172.24,84:a9:3e:f1:dc:0e,HUMAP-WK-254907
10.42.172.25,84:a9:3e:f1:cc:fd,HUMAP-WK-254908
10.42.172.27,70:85:c2:f1:c1:09,humap-wk-255796
10.42.172.28,70:85:c2:f1:c1:6f,humap-wk-255795
10.42.172.31,dc:35:f1:f7:35:4f,HUMAP-WK-256339
10.42.172.32,dc:35:f1:f7:34:e9,HUMAP-WK-256348
10.42.172.35,a8:a1:59:12:1e:8a,HUMAP-WK-256738
10.42.172.37,a8:a1:59:81:7b:4b,humap-wk-258005
10.42.173.230,78:81:02:9e:32:0f,ALCATEL-iptouch-7881029e320f
10.42.173.231,78:81:02:9e:32:19,ALCATEL-iptouch-7881029e3219
10.42.170.10,dc:35:f1:f7:35:49,HUMAP-WK-256326
10.42.170.12,dc:35:f1:f7:34:fe,HUMAP-WK-256335
10.42.170.22,dc:35:f1:f7:35:8a,HUMAP-WK-256328
10.42.170.23,84:a9:3e:f1:cc:cc,humap-wk-518994
10.42.170.26,dc:35:f1:f7:35:3c,HUMAP-WK-256344
10.42.170.39,94:de:80:f6:b9:2c,humap-wk-245149
10.42.170.51,84:a9:3e:f1:dc:01,HUMAP-WK-254867
10.42.170.54,70:85:c2:f1:bf:e0,humap-wk-255841
10.42.170.55,70:85:c2:f1:c1:10,humap-wk-255790
10.42.170.56,70:85:c2:f1:c1:45,humap-wk-255839
10.42.170.57,70:85:c2:f1:c1:4f,humap-wk-255840
10.42.170.59,70:85:c2:f5:02:9d,HUMAP-WK-255830
10.42.170.60,70:85:c2:f1:bf:d5,humap-wk-255827
10.42.170.61,70:85:c2:ae:ee:52,humap-wk-255823
10.42.170.62,70:85:c2:f1:bf:d6,HUMAP-WK-255849
10.42.170.63,70:85:c2:f1:c1:46,humap-wk-255799
10.42.170.64,70:85:c2:f1:c1:2e,humap-wk-255818
10.42.170.65,70:85:c2:f1:c1:1a,humap-wk-255817
10.42.170.66,dc:35:f1:f7:35:22,HUMAP-WK-256349
10.42.170.67,00:9e:ee:1a:8f:41,HUMAP-WK-256723
10.42.170.68,a8:a1:59:05:b8:fa,HUMAP-WK-256728
10.42.170.69,a8:a1:59:17:9c:02,HUMAP-WK-256721
10.42.170.70,70:85:c2:f1:c0:ad,humap-wk-255858
10.42.170.73,a8:a1:59:6a:32:44,humap-wk-258752
10.42.171.44,84:a9:3e:f1:cc:98,HUMAP-WK-254960
10.42.171.45,84:a9:3e:f1:dc:04,HUMAP-WK-254961
10.42.171.46,84:a9:3e:f1:cc:8f,HUMAP-WK-254962
10.42.171.49,84:a9:3e:f1:dc:07,HUMAP-WK-254938
10.42.171.50,84:a9:3e:f1:dc:17,HUMAP-WK-254935
10.42.171.55,84:a9:3e:f1:17:f1,HUMAP-WK-254901
10.42.171.57,84:a9:3e:f1:cc:cb,HUMAP-WK-254905
10.42.171.66,a8:a1:59:81:7a:7b,humap-wk-258026
10.42.171.104,a8:a1:59:6a:33:a4,humap-wk-258748
10.42.171.105,a8:a1:59:96:32:bb,humap-wk-258780
10.42.171.106,84:a9:3e:f1:cc:95,TL-WR841N
10.42.168.10,a8:a1:59:17:9d:d0,humap-wk-256715
10.42.168.14,dc:35:f1:f7:35:82,HUMAP-WK-256351
10.42.168.17,dc:35:f1:f7:35:58,humap-wk-256365
10.42.168.20,a8:a1:59:6a:30:ae,humap-wk-258763
10.42.168.31,a8:a1:59:05:b8:e1,humap-wk-256763
10.42.168.36,dc:35:f1:f7:35:52,HUMAP-WK-256350
10.42.168.42,d0:94:66:d6:d8:7d,humap-wk-257090
10.42.168.45,dc:35:f1:f7:35:46,humap-wk-256357
10.42.168.57,84:a9:3e:f1:cc:b4,HUMAP-WK-254893
10.42.168.63,70:85:c2:ca:b1:cf,HUMAP-WK-255812
10.42.168.65,dc:35:f1:f7:34:f2,humap-wk-256347
10.42.168.68,a4:bb:6d:7c:38:1a,humap-wk-257111
10.42.168.70,a8:a1:59:81:7b:89,humap-wk-258769
10.42.168.71,a8:a1:59:96:34:ef,humap-wk-258731
10.42.168.72,a8:a1:59:6a:34:b1,humap-wk-258767
10.42.166.10,84:a9:3e:f1:cc:ed,HUMAP-WK-254943
10.42.166.16,a8:a1:59:81:51:04,HUMAP-WK-258049
10.42.166.17,84:a9:3e:f1:cc:bf,humap-wk-519094
10.42.166.18,a8:a1:59:81:7b:1c,humap-wk-258034
10.42.166.19,a8:a1:59:81:7b:d4,HUMAP-WK-258043
10.42.166.20,a8:a1:59:81:7a:f5,humap-wk-258033
10.42.166.21,a8:a1:59:81:7c:4e,HUMAP-WK-258032
10.42.166.22,fc:aa:14:f4:cd:c6,HUMAP-WK-242544
10.42.166.23,a8:a1:59:81:7a:c9,HUMAP-WK-258048
10.42.166.25,d0:94:66:ca:d7:36,humap-wk-522868
10.42.166.26,c8:9c:dc:4a:e2:61,humap-wk-25398
10.42.166.27,fc:aa:14:f4:d4:2f,humap-wk-244029
10.42.166.28,a8:a1:59:81:7b:0c,HUMAP-WK-258039
10.42.166.29,a8:a1:59:81:7a:f7,HUMAP-WK-258040
10.42.166.32,a8:a1:59:81:7b:db,HUMAP-WK-258041
10.42.166.33,fc:aa:14:f4:d7:e7,HUMAP-WK-242613
10.42.166.37,e0:d5:5e:8c:e7:e4,humap-wk-254041
10.42.166.39,84:a9:3e:f1:27:08,HUMAP-WK-254959
10.42.166.40,84:a9:3e:f1:cc:bc,HUMAP-WK-254861
10.42.166.41,a8:a1:59:12:1e:c9,HUMAP-WK-256773
10.42.166.42,70:85:c2:f1:c1:7d,HUMAP-WK-255838
10.42.166.43,70:85:c2:f1:c1:ad,HUMAP-WK-255834
10.42.166.44,70:85:c2:f5:23:b7,HUMAP-WK-255833
10.42.166.45,70:85:c2:f1:c1:5e,HUMAP-WK-255842
10.42.166.46,a8:a1:59:05:a4:75,HUMAP-WK-255829
10.42.166.47,70:85:c2:f1:c0:af,HUMAP-WK-255798
10.42.166.50,70:85:c2:f1:c0:c0,humap-wk-255852
10.42.166.53,70:85:c2:f1:c0:bd,HUMAP-WK-255856
10.42.166.54,70:85:c2:f1:c1:07,HUMAP-WK-255845
10.42.166.55,70:85:c2:f1:c0:fb,humap-wk-255848
10.42.166.56,a8:a1:59:81:7b:17,humap-wk-258035
10.42.166.58,70:85:c2:f1:c1:f4,HUMAP-WK-255847
10.42.166.60,dc:35:f1:f7:34:e6,humap-wk-520933
10.42.166.61,a8:a1:59:5e:2d:84,humap-wk-257373
10.42.166.63,a8:a1:59:17:aa:e5,HUMAP-WK-255851
10.42.166.65,9c:6b:00:0f:20:56,humap-wk-525393
10.42.166.66,94:de:80:f6:b9:aa,humap-wk-251005
10.42.167.240,9c:6b:00:0f:18:d9,humap-wk-525412
10.42.164.14,dc:35:f1:f7:34:f8,humap-wk-256362
10.42.164.15,fc:aa:14:fd:05:99,humap-wk-249070
10.42.164.17,dc:35:f1:f7:35:8d,humap-wk-521603
10.42.164.18,dc:35:f1:f7:35:86,humap-wk-256316
10.42.164.19,dc:35:f1:f7:35:37,humap-wk-256342
10.42.164.25,84:a9:3e:f1:17:b6,humap-wk-519071
10.42.164.26,fc:aa:14:fd:07:02,dash
10.42.164.27,94:de:80:f6:b8:4e,humap-wk-251003
10.42.164.28,dc:35:f1:f7:35:7f,humap-wk-521602
10.42.164.31,84:a9:3e:f1:cc:c4,HUMAP-WK-254972
10.42.164.32,84:a9:3e:f1:cc:fb,humap-wk-254913
10.42.164.33,84:a9:3e:f1:cc:e8,HUMAP-WK-254882
10.42.164.35,84:a9:3e:f1:cc:fe,humap-wk-519045
10.42.164.36,84:a9:3e:f1:cc:ad,HUMAP-WK-254910
10.42.164.44,84:a9:3e:f1:dc:0d,HUMAP-WK-254912
10.42.164.47,84:a9:3e:f1:cc:74,HUMAP-WK-254881
10.42.164.48,dc:35:f1:f7:36:4c,humap-wk-256321
10.42.164.49,dc:35:f1:f7:34:d8,humap-wk-256363
10.42.164.50,dc:35:f1:f7:35:96,humap-wk-256332
10.42.164.51,dc:35:f1:f7:34:f4,humap-wk-256325
10.42.164.52,dc:35:f1:f7:35:85,humap-wk-256313
10.42.164.53,00:40:a7:1c:66:bc,humap-wk-249493
10.42.164.54,9c:6b:00:0f:18:b7,humap-wk-525401
10.42.162.21,fc:aa:14:f4:cf:7d,HUMAP-WK-242600
10.42.162.23,a8:a1:59:81:7b:09,humap-wk-258030
10.42.162.26,a8:a1:59:05:b9:0a,HUMAP-WK-256697
10.42.162.32,fc:aa:14:f4:d3:31,humap-wk-243213
10.42.162.35,fc:aa:14:f4:ce:f7,HUMAP-WK-242514
10.42.162.37,84:a9:3e:f1:dc:10,humap-wk-254909
10.42.162.41,a8:a1:59:05:b8:a2,HUMAP-WK-256698
10.42.162.51,84:a9:3e:f1:cc:72,humap-wk-254987
10.42.162.55,84:a9:3e:f1:dc:2b,HUMAP-WK-254974
10.42.162.56,a8:a1:59:05:b9:aa,HUMAP-WK-256688
10.42.162.57,84:a9:3e:f1:27:24,HUMAP-WK-254921
10.42.162.65,a8:a1:59:05:b8:38,HUMAP-WK-256732
10.42.162.66,84:a9:3e:f1:dc:18,HUMAP-WK-255004
10.42.162.67,a8:a1:59:81:77:fb,HUMAP-WK-257988
10.42.162.77,a8:a1:59:81:7b:be,humap-wk-258029
10.42.162.79,84:a9:3e:f1:cc:c7,HUMAP-WK-254915
10.42.162.82,84:a9:3e:f1:cc:aa,HUMAP-WK-255009
10.42.162.83,70:85:c2:f1:bf:e2,HUMAP-WK-255819
10.42.162.91,a8:a1:59:05:b8:b7,HUMAP-WK-256783
10.42.162.92,a8:a1:59:05:b3:0d,HUMAP-WK-256699
10.42.162.93,84:a9:3e:f1:dc:2d,HUMAP-WK-255002
10.42.162.94,dc:35:f1:f7:35:7d,HUMAP-WK-256369
10.42.162.97,a8:a1:59:81:7c:11,HUMAP-WK-257982
10.42.162.98,a8:a1:59:12:0e:f6,humap-wk-256762
10.42.162.100,84:a9:3e:f1:dc:5b,HUMAP-WK-254925
10.42.162.102,84:a9:3e:f1:cc:ea,HUMAP-WK-254916
10.42.162.106,a8:a1:59:81:7a:b7,HUMAP-WK-257987
10.42.162.107,fc:aa:14:f4:d6:4e,HUMAP-WK-248857
10.42.162.109,a8:a1:59:12:1e:f2,humap-wk-256764
10.42.162.110,a8:a1:59:17:9d:23,humap-wk-256745
10.42.162.111,dc:35:f1:f7:35:89,HUMAP-WK-256355
10.42.162.112,a8:a1:59:81:7c:7c,HUMAP-WK-257994
10.42.162.113,9c:6b:00:0f:16:31,humap-wk-525364
10.42.160.13,00:25:b3:a0:e5:13,HUMAP-WK-245704
10.42.160.15,a8:a1:59:81:7b:77,humap-wk-257997
10.42.160.16,a8:a1:59:17:9b:98,HUMAP-WK-256708
10.42.160.17,a8:a1:59:5e:27:4f,HUMAP-WK-257375
10.42.160.25,84:a9:3e:f1:cc:91,HUMAP-WK-254927
10.42.160.26,f8:b4:6a:ac:cc:bf,HUMAP-WK-254889
10.42.160.27,84:a9:3e:f1:cc:b3,HUMAP-WK-254887
10.42.160.28,84:a9:3e:f1:cc:f9,HUMAP-WK-254885
10.42.160.29,84:a9:3e:f1:cc:f7,HUMAP-WK-254888
10.42.160.30,84:a9:3e:f1:17:f5,HUMAP-WK-254897
10.42.160.31,84:a9:3e:f1:cc:f5,HUMAP-WK-254884
10.42.160.32,9c:6b:00:0f:28:3f,humap-wk-525375
10.42.160.33,84:a9:3e:f1:17:c4,HUMAP-WK-254886
10.42.160.34,84:a9:3e:f1:cc:dd,HUMAP-WK-254883
10.42.160.35,84:a9:3e:f1:cc:a7,HUMAP-WK-254896
10.42.160.36,70:85:c2:f1:c0:a8,HUMAP-WK-255859
10.42.160.37,70:85:c2:f1:c1:70,HUMAP-WK-255860
10.42.160.38,70:85:c2:f5:14:39,HUMAP-WK-255853
10.42.160.39,70:85:c2:f1:c1:4a,HUMAP-WK-255855
10.42.160.40,9c:6b:00:0f:16:67,humap-wk-525366
10.42.160.43,a8:a1:59:05:b9:c9,humap-wk-256695
10.42.160.44,70:85:c2:ca:dc:15,HUMAP-WK-255850
10.42.160.45,a8:a1:59:96:34:6a,humap-wk-258746
10.42.160.46,9c:6b:00:0f:16:41,humap-wk-525391
10.42.158.10,70:85:c2:ae:e4:6a,HUMAP-WK-256679
10.42.158.11,a8:a1:59:05:b5:60,humap-wk-256683
10.42.158.13,a8:a1:59:17:9d:1b,HUMAP-WK-256682
10.42.158.16,a8:a1:59:05:bc:11,HUMAP-WK-256681
10.42.158.17,a8:a1:59:12:1e:f5,HUMAP-WK-256755
10.42.158.18,a8:a1:59:05:bc:08,HUMAP-WK-256784
10.42.158.19,70:85:c2:f5:25:12,HUMAP-WK-255901
10.42.158.20,a8:a1:59:05:b5:be,HUMAP-WK-256756
10.42.158.21,a8:a1:59:17:9d:d8,humap-wk-256782
10.42.158.23,a8:a1:59:17:9d:de,humap-wk-256780
10.42.158.25,a8:a1:59:17:9d:26,humap-wk-256758
10.42.158.26,a8:a1:59:17:9c:05,HUMAP-WK-256754
10.42.158.27,fc:aa:14:f4:d0:94,HUMAP-WK-242362
10.42.158.30,a8:a1:59:05:b8:3b,humap-wk-256779
10.42.158.31,a8:a1:59:05:bc:36,humap-wk-256775
10.42.158.32,70:85:c2:f1:c1:6d,humap-wk-255821
10.42.158.33,70:85:c2:f1:c1:6a,humap-wk-255822
10.42.158.34,70:85:c2:f1:c1:36,dash
10.42.158.38,fc:aa:14:f4:d7:6b,humap-wk-242383
10.42.158.39,fc:aa:14:fd:05:95,dash
10.42.158.40,fc:aa:14:f4:d9:5b,humap-wk-242328
10.42.158.41,fc:aa:14:f4:db:37,HUMAP-WK-242073
10.42.158.42,64:51:06:1a:64:62,humap-wk-249252
10.42.158.44,a8:a1:59:96:34:a2,humap-wk-258775
10.42.158.45,84:a9:3e:f1:27:29,humap-wk-519170
10.42.158.46,fc:aa:14:f4:d9:da,
10.42.156.34,a8:a1:59:6a:31:4f,humap-wk-258729
10.42.156.35,a8:a1:59:81:7a:fa,HUMAP-WK-258010
10.42.156.40,a8:a1:59:81:7b:c9,HUMAP-WK-258017
10.42.156.46,a8:a1:59:05:bb:7a,humap-wk-256661
10.42.156.47,a8:a1:59:81:7a:cc,humap-wk-257983
10.42.156.48,70:85:c2:37:77:5f,HUMAP-WK-044069
10.42.156.51,a8:a1:59:05:b5:b8,HUMAP-WK-256667
10.42.156.55,84:a9:3e:f1:dc:0c,HUMAP-WK-254866
10.42.156.56,84:a9:3e:f1:cc:ac,HUMAP-WK-254856
10.42.156.57,84:a9:3e:f1:17:c5,HUMAP-WK-254864
10.42.156.59,e4:e7:49:33:45:af,humap-wk-254950
10.42.156.61,84:a9:3e:f1:cc:b9,HUMAP-WK-254948
10.42.156.62,a8:a1:59:96:32:f6,HUMAP-WK-258727
10.42.156.65,a8:a1:59:05:a5:b8,HUMAP-WK-255815
10.42.156.66,a8:a1:59:05:bf:af,HUMAP-WK-255794
10.42.156.67,70:85:c2:ae:ee:70,HUMAP-WK-255836
10.42.156.68,a8:a1:59:12:19:89,HUMAP-WK-255837
10.42.156.69,a8:a1:59:17:9c:8e,humap-wk-256658
10.42.156.71,70:85:c2:f1:c0:ee,HUMAP-WK-255871
10.42.156.73,70:85:c2:f5:25:43,
10.42.156.74,70:85:c2:f1:c0:f5,HUMAP-WK-255805
10.42.156.75,a8:a1:59:05:b6:27,humap-wk-256711
10.42.156.76,a8:a1:59:05:b5:29,humap-wk-256709
10.42.156.78,a8:a1:59:17:9d:ce,humap-wk-256712
10.42.156.79,a8:a1:59:17:9c:35,humap-wk-256710
10.42.156.80,10:e7:c6:c4:db:e3,HUMAP-WK-254848
10.42.156.83,9c:6b:00:0f:16:5d,humap-wk-525438
10.42.156.87,a8:a1:59:81:7a:f9,HUMAP-WK-258001
10.42.156.88,a8:a1:59:12:0e:dd,humap-wk-256669
10.42.156.89,84:a9:3e:f1:cc:cf,humap-wk-254854
10.42.156.90,a8:a1:59:05:b9:01,humap-wk-256668
10.42.156.91,84:a9:3e:f1:dc:0a,HUMAP-WK-254855
10.42.156.92,fc:aa:14:f4:d9:fc,humap-wk-251010
10.42.156.93,fc:aa:14:f4:cb:b9,humap-wk-244773
10.42.156.95,a8:a1:59:81:79:27,humap-wk-258014
10.42.156.97,a8:a1:59:6a:32:b2,humap-wk-258728
10.42.156.98,a8:a1:59:6a:2f:fd,humap-wk-258757
10.42.156.99,a8:a1:59:96:34:7d,humap-wk-258758
10.42.156.100,a8:a1:59:6a:32:83,humap-wk-258736
10.42.156.101,a8:a1:59:6a:33:9d,humap-wk-258742
10.42.156.102,a8:a1:59:6a:31:ad,humap-wk-258735
10.42.156.103,a8:a1:59:6a:33:d3,humap-wk-258756
10.42.156.104,a8:a1:59:81:7a:fe,HUMAP-WK-257981
10.42.156.107,a8:a1:59:96:32:f2,humap-wk-258734
10.42.156.111,1c:69:7a:8e:47:71,humap-wk-525618
10.42.156.112,58:20:b1:0d:74:24,
10.42.156.11,a8:a1:59:12:18:86,humap-wk-256663
10.42.156.12,a8:a1:59:12:18:7a,humap-wk-256657
10.42.156.15,70:85:c2:f5:26:c4,humap-wk-255793
10.42.156.23,70:85:c2:f5:2f:01,HUMAP-WK-522394
10.42.156.26,dc:35:f1:f7:35:7b,humap-wk-256343
10.42.156.30,a8:a1:59:81:7a:fc,HUMAP-WK-258037
10.42.154.11,10:1f:74:40:a2:e3,HUMAP-WK-245028
10.42.154.14,fc:aa:14:f4:d3:fa,HUMAP-WK-245312
10.42.154.16,fc:aa:14:f4:cb:a2,HUMAP-WK-243385
10.42.154.19,70:85:c2:f1:c1:11,humap-wk-255921
10.42.154.20,fc:aa:14:f4:d7:50,humap-wk-245155
10.42.154.27,fc:aa:14:f4:cb:29,HUMAP-WK-242191
10.42.154.28,84:a9:3e:f1:cc:f6,humap-wk-254958
10.42.154.29,84:a9:3e:f1:dc:38,HUMAP-WK-254956
10.42.154.34,84:a9:3e:f1:cc:ae,HUMAP-WK-254970
10.42.154.36,70:85:c2:f1:c1:44,dash
10.42.154.37,84:a9:3e:f1:cc:e1,humap-wk-254926
10.42.154.44,b0:0c:d1:5b:85:c3,humap-wk-254949
10.42.154.46,fc:aa:14:fd:05:d7,humap-wk-245265
10.42.154.56,70:85:c2:f1:c0:fa,HUMAP-WK-255783
10.42.154.57,70:85:c2:f4:ed:45,humap-wk-255797
10.42.154.58,dc:35:f1:f7:34:f5,humap-wk-256334
10.42.154.61,a8:a1:59:12:18:8f,humap-wk-256696
10.42.154.62,fc:aa:14:f4:cf:54,HUMAP-WK-249455
10.42.154.63,a8:a1:59:12:0e:da,humap-wk-256662
10.42.154.64,74:d4:35:f0:2d:aa,humap-wk-242405
10.42.154.65,94:de:80:f6:b8:46,HUMAP-WK-242411
10.42.154.66,a8:a1:59:81:78:2b,humap-wk-258737
10.42.154.67,fc:aa:14:f4:dc:26,humap-wk-242112
10.42.154.68,9c:6b:00:0f:18:a8,humap-wk-525396
10.42.154.70,9c:6b:00:0f:20:6b,humap-wk-525418
10.42.155.249,20:67:7c:b4:3e:40,
10.42.152.13,70:85:c2:f1:c1:7f,humap-wk-255788
10.42.152.14,70:85:c2:f1:bf:cc,HUMAP-WK-255789
10.42.152.15,dc:35:f1:f7:34:f3,humap-wk-256327
10.42.152.19,70:85:c2:f5:06:f7,HUMAP-WK-255791
10.42.152.21,70:85:c2:f5:29:95,HUMAP-WK-255828
10.42.152.22,84:a9:3e:f1:cc:f3,humap-wk-254954
10.42.152.26,dc:35:f1:f7:35:80,HUMAP-WK-256367
10.42.152.28,84:a9:3e:f1:cc:c3,HUMAP-WK-254969
10.42.152.29,84:a9:3e:f1:dc:02,HUMAP-WK-254936
10.42.152.31,70:85:c2:f4:eb:dc,HUMAP-WK-255792
10.42.152.34,70:85:c2:f1:c1:0c,humap-wk-255802
10.42.152.36,70:85:c2:f1:c1:5a,humap-wk-255801
10.42.152.37,a8:a1:59:74:e1:d7,HUMAP-WK-522480
10.42.150.11,64:51:06:1a:54:75,humap-wk-244188
10.42.150.18,a8:a1:59:12:18:83,humap-wk-256791
10.42.150.21,84:a9:3e:f1:17:e7,HUMAP-WK-254968
10.42.150.22,a8:a1:59:05:b8:40,humap-wk-256790
10.42.150.134,70:85:c2:f1:c1:08,HUMAP-WK-255910
10.42.150.141,a8:a1:59:81:7b:ef,HUMAP-WK-258044
10.42.150.142,84:a9:3e:f1:cc:d9,HUMAP-WK-254973
10.42.150.145,a8:a1:59:12:20:1c,HUMAP-WK-256718
10.42.150.146,a8:a1:59:17:9b:77,humap-wk-256746
10.42.150.150,a8:a1:59:12:0e:6d,humap-wk-256747
10.42.150.151,84:a9:3e:f1:cc:97,HUMAP-WK-254873
10.42.150.153,a8:a1:59:81:7b:4f,HUMAP-WK-258036
10.42.150.154,70:85:c2:f1:c1:56,HUMAP-WK-255889
10.42.150.156,70:85:c2:f1:c1:ce,HUMAP-WK-255886
10.42.150.157,a8:a1:59:17:9d:db,humap-wk-256748
10.42.150.160,a8:a1:59:17:9b:61,humap-wk-256743
10.42.150.161,70:85:c2:f5:2e:4a,HUMAP-WK-255887
10.42.150.163,dc:35:f1:f7:35:87,HUMAP-WK-256346
10.42.150.169,a8:a1:59:6a:31:53,humap-wk-258782
10.42.148.50,fc:aa:14:f4:db:3f,humap-wk-242595
10.42.148.43,94:de:80:f6:b9:b3,HUMAP-WK-250749
10.42.148.35,dc:35:f1:f7:34:f6,humap-wk-256345
10.42.148.49,dc:35:f1:f7:34:d6,humap-wk-256352
10.42.148.44,e0:d5:5e:8c:e7:f4,humap-wk-519057
10.42.149.248,e0:d5:5e:8c:e7:f4,
10.42.149.242,a8:a1:59:12:1e:de,humap-wk-256670
10.42.149.244,9c:6b:00:0f:18:c1,humap-wk-525439
10.42.149.243,fc:aa:14:f4:cb:3b,HUMAP-WK-248126
10.42.149.241,dc:35:f1:f7:35:02,humap-wk-256314
10.42.149.245,e0:d5:5e:8c:e7:af,humap-wk-254037
10.42.149.246,a4:bb:6d:7c:1f:6b,humap-wk-257129
10.42.149.247,e0:d5:5e:8c:e7:ad,humap-wk-519058
10.42.146.11,fc:aa:14:fc:63:12,HUMAP-WK-243218
10.42.146.13,a8:a1:59:17:9b:97,HUMAP-WK-256678
10.42.146.22,a8:a1:59:05:bc:7c,HUMAP-WK-256707
10.42.146.24,a8:a1:59:12:16:af,HUMAP-WK-256671
10.42.146.25,a8:a1:59:17:9c:38,HUMAP-WK-256672
10.42.146.26,a8:a1:59:05:b8:32,HUMAP-WK-256673
10.42.146.40,70:85:c2:37:77:5b,HUMAP-WK-044068
10.42.146.41,fc:aa:14:f4:cb:ba,humap-wk-242144
10.42.146.44,e0:d5:5e:8c:e8:30,humap-wk-254045
10.42.146.46,e0:d5:5e:8c:e7:dc,HUMAP-WK-254040
10.42.146.48,84:a9:3e:f1:cc:8e,HUMAP-WK-254953
10.42.146.49,a8:a1:59:17:9d:e1,HUMAP-WK-256664
10.42.146.53,dc:35:f1:f7:35:af,HUMAP-WK-256354
10.42.146.56,a8:a1:59:05:bc:85,HUMAP-WK-256772
10.42.146.57,a8:a1:59:17:9b:7f,HUMAP-WK-256750
10.42.146.58,a8:a1:59:5e:29:68,HUMAP-WK-257392
10.42.146.59,a8:a1:59:6a:19:5d,humap-wk-523044
10.42.146.62,a8:a1:59:96:34:bf,humap-wk-258772
10.42.146.63,dc:35:f1:f7:35:88,humap-wk-256319
10.42.146.65,d0:94:66:ca:f6:10,humap-wk-522840
10.42.146.66,a8:a1:59:96:32:da,humap-wk-258785
10.42.146.68,9c:6b:00:0f:20:2c,humap-wk-525398
10.42.144.14,10:60:4b:ea:15:6f,HUMAP-WK-244583
10.42.144.15,10:1f:74:40:27:a3,HUMAP-WK-247745
10.42.144.16,84:a9:3e:f1:dc:29,HUMAP-WK-254898
10.42.144.17,70:85:c2:f4:ed:33,humap-wk-255800
10.42.144.23,dc:35:f1:f7:35:93,HUMAP-WK-256331
10.42.144.26,e8:d8:d1:3f:c9:fe,HUMAP-WK-254891
10.42.144.27,a8:a1:59:17:9c:f9,humap-wk-256753
10.42.144.30,a8:a1:59:81:7a:ee,humap-wk-258028
10.42.144.34,a8:a1:59:17:9c:de,humap-wk-256735
10.42.144.35,a8:a1:59:05:b8:10,humap-wk-256734
10.42.144.37,a8:a1:59:12:1e:e6,humap-wk-256733
10.42.144.38,a8:a1:59:17:9c:68,humap-wk-256739
10.42.144.43,a8:a1:59:17:9b:6a,humap-wk-256740
10.42.144.44,a8:a1:59:17:9d:42,humap-wk-256741
10.42.144.54,a8:a1:59:05:b9:06,humap-wk-256737
10.42.144.56,a8:a1:59:d3:27:9a,HUMAP-WK-257991
10.42.144.62,94:de:80:f6:b9:b0,humap-wk-250382
10.42.144.69,a8:a1:59:96:33:3b,HUMAP-WK-258759
10.42.144.73,a8:a1:59:17:9d:3f,humap-wk-256760
10.42.144.74,a8:a1:59:17:9b:5a,humap-wk-256659
10.42.144.78,70:85:c2:f1:c0:bc,
10.42.144.79,a8:a1:59:81:7a:d8,humap-wk-258022
10.42.144.85,84:a9:3e:f1:17:c3,HUMAP-WK-255007
10.42.144.86,84:a9:3e:f1:dc:13,HUMAP-WK-255003
10.42.144.87,a8:a1:59:81:7a:dd,humap-wk-258031
10.42.144.88,a8:a1:59:05:b7:e4,HUMAP-WK-256751
10.42.144.90,9c:6b:00:0f:1f:f6,HUMAP-WK-525361
10.42.144.91,84:a9:3e:f1:cc:d3,HUMAP-WK-255005
10.42.144.92,84:a9:3e:f1:dc:00,HUMAP-WK-254858
10.42.144.93,a8:a1:59:6a:33:3b,HUMAP-WK-258771
10.42.144.95,84:a9:3e:f1:cc:ce,humap-wk-255012
10.42.144.96,a8:a1:59:6a:32:21,HUMAP-WK-258740
10.42.144.97,a8:a1:59:96:34:4a,HUMAP-WK-258773
10.42.144.99,70:85:c2:37:76:58,humap-wk-044070
10.42.144.100,e0:d5:5e:8c:e8:2a,HUMAP-WK-254047
10.42.144.101,a8:a1:59:81:7b:78,humap-wk-258027
10.42.144.104,84:a9:3e:f1:cc:f8,HUMAP-WK-254971
10.42.144.105,a8:a1:59:12:0e:5b,humap-wk-256769
10.42.144.106,84:a9:3e:f1:dc:19,HUMAP-WK-254985
10.42.144.107,84:a9:3e:f1:cc:e4,HUMAP-WK-254976
10.42.144.108,84:a9:3e:f1:cc:92,HUMAP-WK-254980
10.42.144.110,84:a9:3e:f1:cc:8c,HUMAP-WK-254997
10.42.144.111,a8:a1:59:96:32:d5,HUMAP-WK-258761
10.42.144.112,a8:a1:59:6a:32:3c,HUMAP-WK-258744
10.42.144.114,84:a9:3e:f1:17:b0,HUMAP-WK-254937
10.42.144.117,70:85:c2:37:77:5d,
10.42.144.119,a8:a1:59:05:b8:22,humap-wk-256736
10.42.144.121,a8:a1:59:12:1f:01,humap-wk-256655
10.42.144.127,a8:a1:59:81:5d:ad,HUMAP-WK-258738
10.42.144.128,70:85:c2:f5:22:31,humap-wk-255785
10.42.144.129,70:85:c2:ca:d9:30,humap-wk-255863
10.42.144.130,9c:6b:00:0f:16:65,humap-wk-525413
10.42.144.131,70:85:c2:d9:fb:7b,humap-wk-255861
10.42.144.132,70:85:c2:f1:bf:dc,humap-wk-255844
10.42.144.133,70:85:c2:f1:c0:a3,HUMAP-WK-255854
10.42.144.134,84:a9:3e:f1:cc:6d,HUMAP-WK-254995
10.42.144.135,70:85:c2:f5:25:54,HUMAP-WK-255890
10.42.144.138,70:85:c2:f1:c0:88,
10.42.144.141,70:85:c2:f1:c2:06,humap-wk-255914
10.42.144.142,70:85:c2:f1:bf:e7,humap-wk-255907
10.42.144.143,70:85:c2:ca:d6:27,humap-wk-255911
10.42.144.144,a8:a1:59:05:b8:13,humap-wk-256744
10.42.144.145,dc:35:f1:f7:35:79,HUMAP-WK-256317
10.42.144.146,a8:a1:59:17:9d:d9,HUMAP-WK-256686
10.42.144.147,70:85:c2:f1:c1:38,humap-wk-255862
10.42.144.148,a8:a1:59:81:7b:c0,HUMAP-WK-258019
10.42.144.149,fc:aa:14:f4:d6:39,HUMAP-WK-243608
10.42.144.150,a8:a1:59:81:7b:4d,HUMAP-WK-258000
10.42.144.151,a8:a1:59:17:9b:6b,humap-wk-522422
10.42.144.153,a8:a1:59:17:9c:32,humap-wk-256656
10.42.144.163,84:a9:3e:f1:cc:71,humap-wk-254894
10.42.144.165,a8:a1:59:81:7a:f0,humap-wk-258023
10.42.144.168,a8:a1:59:81:79:18,HUMAP-WK-258054
10.42.144.169,a8:a1:59:81:7b:51,HUMAP-WK-258045
10.42.144.170,a8:a1:59:81:7b:ab,HUMAP-WK-258046
10.42.144.171,a8:a1:59:81:7a:d9,HUMAP-WK-258755
10.42.144.172,a8:a1:59:96:34:53,HUMAP-WK-258754
10.42.144.175,a8:a1:59:6a:31:19,humap-wk-258777
10.42.144.182,a8:a1:59:96:33:b2,humap-wk-258749
10.42.144.186,a8:a1:59:96:33:46,humap-wk-258783
10.42.144.187,70:85:c2:f1:c0:7e,humap-wk-255816
10.42.144.188,e0:d5:5e:8c:e3:a6,humap-wk-254044
10.42.144.189,9c:6b:00:0f:16:27,humap-wk-525386
10.42.144.191,9c:6b:00:0f:16:47,humap-wk-525345
10.42.144.192,9c:6b:00:0f:18:95,humap-wk-525400
10.42.144.193,9c:6b:00:0f:16:1a,humap-wk-525379
10.42.144.194,fc:aa:14:f4:d6:7d,HUMAP-WK-243384
10.42.144.195,e0:d5:5e:8c:e3:de,humap-wk-518970
10.42.145.240,00:80:9f:dc:93:0b,ALCATEL-iptouch-00809fdc930b
10.42.142.11,a4:bb:6d:7c:2c:3f,humap-wk-257087
10.42.142.14,9c:6b:00:0f:20:28,humap-wk-525395
10.42.142.16,a4:bb:6d:7c:2c:2a,humap-wk-257096
10.42.142.20,a4:bb:6d:7c:38:11,humap-wk-257106
10.42.142.25,a4:bb:6d:7c:1f:68,humap-wk-257099
10.42.142.26,a4:bb:6d:7c:23:bd,HUMAP-WK-257118
10.42.142.27,a4:bb:6d:7c:2c:7b,Humap-wk-257092
10.42.142.28,a4:bb:6d:7c:23:b0,humap-wk-257091
10.42.142.29,a8:a1:59:5e:2c:c4,HUMAP-WK-257374
10.42.142.33,dc:35:f1:f7:35:8b,HUMAP-WK-256359
10.42.142.37,a4:bb:6d:7c:37:f4,humap-wk-257138
10.42.142.48,a4:bb:6d:7c:23:8b,humap-wk-257098
10.42.142.64,64:51:06:1a:74:2a,humap-wk-242903
10.42.142.73,a8:a1:59:5e:2a:20,HUMAP-WK-257371
10.42.142.74,a8:a1:59:6a:37:d0,humap-wk-257378
10.42.142.75,a8:a1:59:e1:98:62,HUMAP-WK-257372
10.42.142.81,a8:a1:59:6a:37:f0,HUMAP-WK-257394
10.42.142.85,d0:94:66:ca:c3:5a,humap-wk-257088
10.42.142.86,a4:bb:6d:7c:38:18,humap-wk-257109
10.42.142.87,a8:a1:59:5e:2c:d4,HUMAP-WK-257370
10.42.142.88,a4:bb:6d:7c:23:9e,HUMAP-WK-257104
10.42.142.89,a4:bb:6d:7c:38:bd,HUMAP-WK-257127
10.42.142.94,a4:bb:6d:7c:38:6f,humap-wk-257143
10.42.142.96,70:85:c2:f1:bf:c6,humap-wk-521672
10.42.142.97,70:85:c2:f1:c1:6b,humap-wk-255820
10.42.142.98,dc:35:f1:f7:34:f7,humap-wk-521635
10.42.142.102,a8:a1:59:12:1e:22,humap-wk-256768
10.42.142.103,fc:aa:14:f4:da:21,HUMAP-WK-247895
10.42.142.105,9c:6b:00:0f:1b:fc,humap-wk-525360
10.42.142.106,d0:94:66:ca:d6:6a,humap-wk-257123
10.42.142.107,a4:bb:6d:7c:23:8c,humap-wk-257112
10.42.142.108,a8:a1:59:17:9b:9f,HUMAP-WK-256701
10.42.142.109,a8:a1:59:81:7a:d2,HUMAP-WK-257986
10.42.142.110,a4:bb:6d:7c:38:41,humap-wk-257124
10.42.142.113,a4:bb:6d:7c:34:ef,humap-wk-257116
10.42.142.117,a8:a1:59:81:7a:f1,humap-wk-258766
10.42.142.119,a8:a1:59:6a:38:15,humap-wk-523038
10.42.142.120,a8:a1:59:6a:1a:c6,HUMAP-WK-257369
10.42.142.122,9c:6b:00:0f:1b:55,humap-wk-525384
10.42.143.200,78:81:02:9e:32:9e,ALCATEL-iptouch-7881029e329e
10.42.140.28,9c:6b:00:0f:23:d5,humap-wk-525394
10.42.140.50,84:a9:3e:f1:cc:c2,HUMAP-WK-254994
10.42.140.52,84:a9:3e:f1:17:bd,humap-wk-254982
10.42.140.53,84:a9:3e:f1:dc:08,HUMAP-WK-254986
10.42.140.54,84:a9:3e:f1:cc:6e,HUMAP-WK-254988
10.42.140.55,84:a9:3e:f1:17:f3,humap-wk-254990
10.42.140.58,70:85:c2:f1:c0:f9,HUMAP-WK-255897
10.42.140.59,84:a9:3e:f1:cc:ee,humap-wk-254984
10.42.140.60,84:a9:3e:11:3f:b8,humap-wk-254931
10.42.140.62,84:a9:3e:f1:17:df,humap-wk-254932
10.42.140.64,84:a9:3e:f1:cc:c1,HUMAP-WK-254934
10.42.140.65,fc:aa:14:f4:ce:4c,HUMAP-WK-247827
10.42.140.67,70:85:c2:37:77:59,HUMAP-WK-044057
10.42.140.68,84:a9:3e:f1:dc:06,HUMAP-WK-254928
10.42.140.76,fc:aa:14:f4:d7:31,HUMAP-WK-243360
10.42.140.78,70:85:c2:f1:c1:31,HUMAP-WK-255813
10.42.140.80,70:85:c2:f1:c1:50,HUMAP-WK-255810
10.42.140.81,70:85:c2:f5:28:01,HUMAP-WK-255809
10.42.140.82,70:85:c2:f1:c0:f7,HUMAP-WK-255846
10.42.140.83,70:85:c2:f5:22:6e,HUMAP-WK-255867
10.42.140.84,70:85:c2:f5:29:93,HUMAP-WK-255868
10.42.140.88,70:85:c2:f1:c0:f4,
10.42.140.91,70:85:c2:f1:c1:35,HUMAP-WK-255807
10.42.140.92,70:85:c2:f1:bf:d8,HUMAP-WK-255808
10.42.140.94,70:85:c2:f1:c1:69,dash
10.42.140.97,70:85:c2:f1:bf:ee,dash
10.42.140.98,70:85:c2:f1:bf:c1,HUMAP-WK-255814
10.42.140.99,84:a9:3e:f1:dc:16,HUMAP-WK-254992
10.42.140.100,84:a9:3e:f1:cc:be,HUMAP-WK-254993
10.42.140.101,84:a9:3e:f1:dc:1d,humap-wk-254991
10.42.140.102,84:a9:3e:f1:cc:d6,HUMAP-WK-254989
10.42.140.104,a8:a1:59:81:7a:d5,humap-wk-258012
10.42.140.108,fc:aa:14:fd:05:6b,HUMAP-WK-250384
10.42.140.110,70:85:c2:f1:c0:82,HUMAP-WK-255826
10.42.140.111,a4:bb:6d:7c:38:af,humap-wk-257142
10.42.140.113,a8:a1:59:81:7b:bd,humap-wk-258007
10.42.140.114,a8:a1:59:81:7b:07,humap-wk-258006
10.42.140.116,a4:bb:6d:7c:2b:da,humap-wk-257144
10.42.140.117,a4:bb:6d:7c:32:e5,humap-wk-257110
10.42.140.118,a4:bb:6d:7c:2c:4b,humap-wk-257132
10.42.140.119,a4:bb:6d:7c:25:08,humap-wk-257107
10.42.140.120,a4:bb:6d:7c:38:6c,humap-wk-257133
10.42.140.121,a4:bb:6d:7c:23:c9,humap-wk-257094
10.42.140.122,a8:a1:59:81:7b:7a,humap-wk-258024
10.42.140.124,a8:a1:59:81:7b:55,humap-wk-257996
10.42.140.125,d0:94:66:ca:d5:5e,humap-wk-257135
10.42.140.126,a8:a1:59:81:5b:86,HUMAP-WK-258013
10.42.140.127,a8:a1:59:81:7c:09,HUMAP-WK-258016
10.42.140.130,a4:bb:6d:7c:2c:88,humap-wk-257130
10.42.140.131,a4:bb:6d:7c:38:85,humap-wk-257114
10.42.140.134,a4:bb:6d:7c:31:f3,humap-wk-257115
10.42.140.138,84:a9:3e:f1:dc:25,humap-wk-255008
10.42.138.19,84:a9:3e:f1:cc:d1,humap-wk-254977
10.42.138.25,84:a9:3e:f1:cc:e0,HUMAP-WK-254865
10.42.138.26,84:a9:3e:f1:17:cf,HUMAP-WK-254947
10.42.138.27,84:a9:3e:f1:cc:c8,HUMAP-WK-254860
10.42.138.30,84:a9:3e:f1:dc:0b,HUMAP-WK-254999
10.42.138.31,70:85:c2:f5:16:7b,humap-wk-255843
10.42.138.34,dc:35:f1:f7:34:f9,HUMAP-WK-256329
10.42.138.35,dc:35:f1:f7:35:8f,HUMAP-WK-256366
10.42.138.36,9c:6b:00:0f:28:3e,humap-wk-525409
10.42.138.38,9c:6b:00:0f:18:bc,humap-wk-525406
10.42.138.41,dc:35:f1:f7:35:8e,HUMAP-WK-256336
10.42.138.44,9c:6b:00:0f:23:ac,humap-wk-525405
10.42.138.46,70:85:c2:f1:c1:0a,humap-wk-255881
10.42.138.47,dc:35:f1:f7:35:83,HUMAP-WK-256341
10.42.138.48,9c:6b:00:0f:18:89,humap-wk-525410
10.42.138.49,9c:6b:00:0f:28:22,humap-wk-525378
10.42.139.230,00:80:9f:ef:f1:83,ALCATEL-iptouch-00809feff183
10.42.136.10,a8:a1:59:17:9c:41,HUMAP-WK-256691
10.42.136.35,a8:a1:59:05:b9:50,HUMAP-WK-256720
10.42.136.36,a8:a1:59:05:b5:31,HUMAP-WK-256724
10.42.136.40,a8:a1:59:05:b8:04,HUMAP-WK-256692
10.42.136.41,a8:a1:59:05:b7:f0,HUMAP-WK-256725
10.42.136.42,a8:a1:59:17:9c:76,HUMAP-WK-256722
10.42.136.43,a8:a1:59:05:b5:53,HUMAP-WK-256727
10.42.136.44,a8:a1:59:05:b5:3d,HUMAP-WK-256693
10.42.136.45,a8:a1:59:17:9d:38,HUMAP-WK-256689
10.42.136.46,a8:a1:59:12:18:7d,humap-wk-256702
10.42.136.47,a8:a1:59:05:b8:0c,humap-wk-256704
10.42.134.10,70:85:c2:f1:bf:e6,HUMAP-WK-255898
10.42.134.11,a8:a1:59:81:5e:2a,HUMAP-WK-258052
10.42.134.13,e4:e7:49:fb:9e:ee,HUMAP-WK-255391
10.42.134.14,a8:a1:59:81:7a:de,HUMAP-WK-258053
10.42.134.16,a8:a1:59:6a:33:9b,humap-wk-258764
10.42.134.32,70:85:c2:f1:bf:cd,HUMAP-WK-255885
10.42.134.33,70:85:c2:f1:c0:bb,HUMAP-WK-255888
10.42.134.34,70:85:c2:f1:c1:64,HUMAP-WK-255908
10.42.134.38,a8:a1:59:81:7b:76,HUMAP-WK-258003
10.42.134.39,a8:a1:59:12:18:a2,HUMAP-WK-256700
10.42.134.41,a8:a1:59:81:7a:fd,HUMAP-WK-258055
10.42.134.49,70:85:c2:f1:c1:80,HUMAP-WK-255906
10.42.134.54,a8:a1:59:81:7b:02,HUMAP-WK-258021
10.42.134.63,84:a9:3e:f1:cc:e6,humap-wk-254871
10.42.134.65,84:a9:3e:f1:cc:ef,HUMAP-WK-254902
10.42.134.66,84:a9:3e:f1:cc:e5,HUMAP-WK-254904
10.42.134.72,70:85:c2:f1:bf:db,HUMAP-WK-255894
10.42.134.74,e4:e7:49:fb:9e:fd,humap-wk-255394
10.42.134.78,a8:a1:59:05:bc:39,humap-wk-256757
10.42.134.79,a8:a1:59:12:1e:5e,dash
10.42.134.80,fc:aa:14:f4:cf:f6,humap-wk-242642
10.42.134.82,fc:aa:14:fd:07:49,humap-wk-250530
10.42.134.83,64:51:06:1a:54:f8,
10.42.134.84,a8:a1:59:17:9c:26,humap-wk-256717
10.42.134.85,a8:a1:59:05:bc:0b,HUMAP-WK-256705
10.42.134.86,84:a9:3e:f1:cc:b7,humap-wk-519171
10.42.134.87,78:2b:cb:bc:49:6c,HUMAP-WK-247894
10.42.134.90,70:85:c2:f1:c0:31,HUMAP-WK-255835
10.42.134.91,84:a9:3e:f1:cc:eb,HUMAP-WK-254918
10.42.134.93,84:a9:3e:f1:17:f0,HUMAP-WK-254919
10.42.134.94,d0:94:66:ca:c0:51,humap-wk-257145
10.42.134.95,a4:bb:6d:7c:2c:3b,humap-wk-257101
10.42.134.96,a4:bb:6d:7c:38:93,humap-wk-257137
10.42.134.97,dc:35:f1:f7:35:75,humap-wk-256356
10.42.134.98,a8:a1:59:96:33:17,HUMAP-WK-258778
10.42.134.99,70:85:c2:f1:c1:5f,dash
10.42.135.232,78:81:02:9e:32:18,ALCATEL-iptouch-7881029e3218
10.42.135.231,00:80:9f:ce:f6:d2,
10.42.132.13,1a:12:7a:36:da:32,LabWide
10.42.132.19,1c:c1:de:2a:92:e5,humap-wk-243953
10.42.132.58,84:a9:3e:f1:cc:b0,HUMAP-WK-254878
10.42.132.60,84:a9:3e:f1:cc:ca,
10.42.132.61,84:a9:3e:f1:27:13,humap-wk-254875
10.42.132.63,70:85:c2:f1:c1:12,HUMAP-WK-255884
10.42.132.65,70:85:c2:f1:c0:a7,HUMAP-WK-255883
10.42.132.66,70:85:c2:f1:c1:77,humap-wk-255804
10.42.132.67,70:85:c2:f1:bf:ed,HUMAP-WK-255880
10.42.132.68,70:85:c2:f1:c0:79,humap-wk-255875
10.42.132.69,70:85:c2:f5:29:81,HUMAP-WK-255876
10.42.132.70,70:85:c2:f1:bf:c5,HUMAP-WK-255877
10.42.132.71,70:85:c2:f1:c0:7b,HUMAP-WK-255879
10.42.132.74,9c:6b:00:0f:20:25,humap-wk-525362
10.42.132.75,70:85:c2:f1:bf:dd,HUMAP-WK-255872
10.42.132.77,a8:a1:59:6a:2f:c2,humap-wk-258730
10.42.132.78,d0:94:66:ca:d3:8b,humap-wk-257117
10.42.133.246,e0:69:95:19:8a:f9,
10.42.133.245,00:18:7d:ab:ed:10,IL-R7TGGE6SD6NJ
10.42.133.244,00:01:c0:25:70:f8,SCL214906
10.42.133.242,a8:a1:59:05:b6:79,HUMAP-WK-255873
10.42.133.241,a8:a1:59:6a:30:7d,humap-wk-258732
10.42.133.243,9c:6b:00:0f:18:e0,humap-wk-525350
10.42.133.240,0c:54:a5:bd:0f:7f,PC-TST
10.42.130.12,10:e7:c6:c4:db:75,HUMAP-WK-254851
10.42.130.16,a8:a1:59:81:7a:fb,HUMAP-WK-258042
10.42.130.28,fc:aa:14:f4:db:62,HUMAP-WK-242161
10.42.130.36,10:e7:c6:c4:db:e1,HUMAP-WK-254852
10.42.130.37,10:e7:c6:c4:db:df,HUMAP-WK-254849
10.42.130.38,10:e7:c6:c4:eb:23,HUMAP-WK-254847
10.42.130.40,10:e7:c6:c4:db:c4,humap-wk-254850
10.42.130.41,10:e7:c6:c4:db:dd,HUMAP-WK-254853
10.42.130.42,84:a9:3e:f1:27:1a,HUMAP-WK-254941
10.42.130.47,dc:35:f1:f7:34:e8,humap-wk-256311
10.42.130.48,dc:35:f1:f7:35:29,HUMAP-WK-256364
10.42.130.106,a8:a1:59:81:7b:cd,HUMAP-WK-257980
10.42.130.107,a8:a1:59:05:b5:3c,humap-wk-256675
10.42.130.111,a8:a1:59:81:7b:e7,HUMAP-WK-257998
10.42.130.113,fc:aa:14:f4:d3:19,dash
10.42.130.114,dc:35:f1:f7:35:01,HUMAP-WK-256360
10.42.130.115,a8:a1:59:96:33:3e,humap-wk-258733
10.42.130.116,a4:bb:6d:7c:20:ff,humap-wk-257108
10.42.130.117,dc:35:f1:f7:35:90,HUMAP-WK-256330
10.42.128.11,a4:bb:6d:7c:38:de,humap-wk-257128
10.42.128.23,a4:bb:6d:7c:38:d2,HUMAP-WK-257134
10.42.128.56,a4:bb:6d:7c:38:1e,humap-wk-257100
10.42.128.80,a8:a1:59:81:7b:06,HUMAP-WK-257985
10.42.128.94,9c:6b:00:0f:28:3c,humap-wk-25402
10.42.128.95,9c:6b:00:0f:1b:5b,humap-wk-525363
10.42.128.97,9c:6b:00:0f:18:e8,humap-wk-525399
10.42.128.98,9c:6b:00:0f:25:ef,humap-wk-525404
10.42.128.99,00:d7:6d:2e:e7:35,humap-nt-258843
10.42.129.240,b2:ad:f4:4a:a3:8e,S22-Ultra-de-Christian
10.42.129.172,a4:bb:6d:7c:38:b8,humap-wk-522884
10.42.129.146,d0:94:66:c9:98:be,humap-wk-522882
10.42.129.194,a4:bb:6d:7c:23:9d,humap-wk-257122
10.42.129.200,d0:94:66:ca:d6:e8,humap-wk-257131
10.42.129.151,5c:cd:5b:db:e7:af,humap-nt-257265
10.42.129.238,a4:bb:6d:7c:2e:5c,humap-wk-257095
10.42.129.244,d0:94:66:ca:c0:94,humap-wk-257146
10.42.97.35,00:d7:6d:27:3d:ff,humap-wk-258747
10.42.97.71,5c:cd:5b:80:a0:89,humap-wk-256774
10.42.97.106,f4:c8:8a:c9:ff:90,humap-wk-525371
10.42.97.107,1c:bf:c0:ff:bc:e1,HUMAP-WK-256584
10.42.97.133,5c:cd:5b:db:c8:fb,humap-nt-257269
10.42.97.134,5c:cd:5b:db:e7:d7,humap-nt-257267
10.42.97.169,00:d7:6d:2e:e7:53,humap-nt-258262
10.42.97.171,00:d7:6d:2e:ea:5a,humap-nt-258261
10.42.97.176,00:d7:6d:2d:c8:aa,humap-wk-258595
10.42.97.177,00:d7:6d:2e:ea:c8,humap-nt-258257
10.42.97.179,00:d7:6d:2e:e7:6c,humap-nt-258256
10.42.97.185,48:a4:93:9b:90:7c,D6J215303206
10.42.97.186,48:a4:93:9b:8f:6c,D6J215303191
10.42.97.187,48:a4:93:98:3c:72,D6J215303201
10.42.97.188,48:a4:93:98:f0:ec,D6J215303208
10.42.97.190,00:d7:6d:2d:d4:62,humap-wk-258600
10.42.97.199,00:d7:6d:2d:d4:4e,humap-wk-258598
10.42.97.217,48:a4:93:97:b0:c2,D6J215303197
10.42.97.218,48:a4:93:98:f3:da,D6J215303209
10.42.97.220,48:a4:93:98:f3:0e,D6J215303223
10.42.97.222,00:d7:6d:2e:eb:9f,humap-nt-258259
10.42.97.223,5c:cd:5b:7e:20:43,humap-wk-256742
10.42.97.224,48:a4:93:98:3f:86,D6J215303203
10.42.97.226,64:d1:54:f2:0a:83,
10.42.97.227,00:d7:6d:27:3e:63,HUMAP-WK-258739
10.42.97.229,00:d7:6d:27:25:4a,HUMAP-WK-258774
10.42.97.231,f4:c8:8a:ca:28:03,humap-wk-525392
10.42.97.232,f0:d4:15:b6:23:c1,humap-wk-525404
10.42.97.233,f0:d4:15:b6:6c:c3,humap-wk-525376
10.42.97.235,f4:c8:8a:c9:3e:43,humap-wk-525412
10.42.97.236,f4:c8:8a:c9:3e:de,humap-wk-525408
10.42.97.237,f0:d4:15:b6:6f:e3,humap-wk-525403
10.42.97.238,f4:c8:8a:ca:4f:77,humap-wk-525377
10.42.97.239,f4:c8:8a:ca:4e:af,HUMAP-WK-525380
10.42.97.240,f0:d4:15:b6:72:77,humap-wk-525387
10.42.97.241,f4:c8:8a:ca:00:7b,humap-wk-525346
10.42.97.244,f4:c8:8a:ca:4e:14,humap-wk-525344
10.42.97.245,f0:35:75:a8:0d:ac,
10.42.97.246,f0:d4:15:b6:59:a4,humap-wk-525343
10.42.97.247,f4:c8:8a:ca:35:19,humap-wk-525389
10.42.97.248,cc:2d:e0:13:62:57,MikroTik
10.42.97.249,18:fd:74:6c:4b:32,RouterOS
10.42.97.251,18:fd:74:6c:40:b8,RouterOS
10.42.97.252,cc:2d:e0:13:62:34,
10.42.98.3,18:fd:74:6b:a3:3f,RouterOS
10.42.98.4,18:fd:74:6c:3e:21,RouterOS
10.42.98.5,f4:c8:8a:c9:3e:e3,
10.42.98.6,f4:c8:8a:c9:3e:5c,humap-wk-525372
10.42.98.7,f4:c8:8a:c9:3e:c0,humap-wk-525348
10.42.98.12,00:d7:6d:12:e5:a8,humap-wk-523721
10.42.111.10,2c:15:bf:19:73:df,S20-FE-de-edeilson
10.42.111.241,48:a4:93:98:3c:72,
10.42.111.246,48:a4:93:98:f3:da,
10.42.111.245,48:a4:93:98:3f:86,
10.42.111.242,f0:d4:15:b6:72:77,
10.42.111.243,64:d1:54:f2:0a:83,
10.42.111.249,00:d7:6d:2e:ea:5a,
10.42.111.247,18:fd:74:6c:4b:32,
10.42.111.250,00:d7:6d:2d:c8:aa,
10.42.111.248,cc:2d:e0:13:62:34,
10.42.111.240,00:d7:6d:2e:e7:6c,
10.42.111.244,18:fd:74:6c:3e:53,RouterOS
10.42.79.194,f2:04:af:20:f2:a0,
10.42.79.168,12:6c:7b:86:37:df,
10.42.65.210,36:ec:af:59:cd:16,
10.42.79.170,66:c3:c4:46:7e:8d,
10.42.78.46,a8:16:d0:4a:c7:9d,Galaxy-J5-Prime
10.42.64.106,3e:d2:d0:6e:51:16,
10.42.78.64,30:4b:07:a7:44:76,
10.42.78.95,a4:4b:d5:cc:3f:d4,RedmiNote8Pro-RedmiN
10.42.79.181,22:4a:f4:e4:2d:5e,
10.42.79.161,48:49:c7:dd:6d:ce,Galaxy-J5-Pro
10.42.78.101,50:3d:c6:c1:51:fe,Redmi-Note-9S
10.42.78.129,c0:8c:71:6e:b9:be,
10.42.78.84,20:f4:78:22:dd:9a,MiNote10-MiNote10
10.42.74.83,cc:a2:19:df:d4:28,
10.42.78.145,a8:96:75:1c:2e:2d,
10.42.78.174,a0:60:90:7a:f1:d6,Galaxy-A20s
10.42.78.237,7c:8b:b5:b1:b3:09,Galaxy-A30
10.42.78.242,4c:63:71:77:e8:b1,Redmi-Note-8T
10.42.75.24,8e:1d:b4:f9:27:dd,
10.42.79.151,28:ad:18:7f:1c:cf,32AOCRokuTVLavnia
10.42.79.154,5c:cd:5b:80:a0:89,
10.42.79.200,00:d7:6d:2e:eb:9f,
10.42.78.67,5c:c9:d3:be:40:02,
10.42.67.52,00:d7:6d:12:ef:b2,
10.42.69.203,88:b4:a6:ef:ef:28,
10.42.74.71,36:4e:82:ad:d8:c8,
10.42.79.162,d2:bc:57:55:83:2c,
10.42.79.166,00:b8:b6:65:07:58,
10.42.79.169,06:72:dd:45:9d:80,
10.42.69.229,da:8a:45:d0:51:33,
10.42.79.171,2a:18:6e:7e:b0:70,
10.42.73.173,62:3a:84:f6:cf:23,
10.42.79.185,76:40:68:25:26:4c,
10.42.79.186,c2:b7:e6:4d:40:b8,
10.42.67.85,46:46:62:88:b2:36,
10.42.79.111,38:9a:f6:70:a8:fb,Galaxy-J7-Prime
10.42.74.36,52:6b:e9:d9:e5:48,
10.42.74.155,aa:92:c6:ba:1b:3f,
10.42.64.175,a4:4b:d5:5b:19:15,
10.42.71.30,84:37:d5:e4:e5:6f,
10.42.78.48,c8:c7:50:0a:63:0f,
10.42.78.49,a4:63:a1:45:91:13,
10.42.78.56,4a:3b:25:ed:75:ec,
10.42.78.58,ae:01:3c:5a:ea:88,
10.42.64.234,1a:af:ce:53:82:8d,
10.42.69.42,30:4b:07:a7:44:76,
10.42.77.234,3e:d2:d0:6e:51:16,
10.42.78.75,c4:35:d9:91:86:58,
10.42.78.79,7c:a4:49:2a:b2:e2,
10.42.78.81,96:17:7e:2c:ea:65,
10.42.78.83,e6:cf:e1:21:b8:d4,
10.42.78.85,e8:f7:91:67:b2:5c,
10.42.78.88,02:4e:ab:16:b0:7c,
10.42.78.90,8e:57:86:e6:53:40,
10.42.78.93,3e:92:ac:0e:7a:c7,
10.42.73.140,a4:4b:d5:cc:3f:d4,
10.42.78.96,42:8a:f4:e8:93:25,
10.42.78.97,0e:b4:6a:02:59:d0,
10.42.78.105,0a:e3:bf:ff:dc:c2,
10.42.78.107,76:0c:04:fc:3c:a7,
10.42.78.109,72:bb:3e:6e:9b:3e,
10.42.78.110,ec:1f:72:aa:31:f0,
10.42.78.112,b6:b3:59:84:53:e3,
10.42.79.75,f0:86:20:d6:8e:7e,
10.42.78.119,9e:c1:09:56:82:45,
10.42.78.121,5c:cd:5b:94:e5:49,
10.42.78.123,0a:16:0c:bb:2a:53,
10.42.78.126,7e:b5:94:c6:f0:57,
10.42.78.127,6e:72:c4:ca:60:81,
10.42.78.128,7a:31:02:31:fa:85,
10.42.78.131,0a:2e:3a:a3:4b:b3,
10.42.78.61,46:67:78:dc:a6:44,
10.42.78.136,da:d8:f3:31:34:2e,
10.42.78.21,e8:5a:8b:3c:37:7d,RedmiNote8-RedmiGils
10.42.78.91,f2:ea:4b:99:9c:41,
10.42.78.73,36:79:58:fe:42:89,
10.42.78.137,ea:2b:d0:88:b0:10,
10.42.78.138,0e:3a:ed:fc:7b:ba,
10.42.78.57,b6:35:87:c4:6d:e0,
10.42.78.74,52:2d:26:8d:7e:c0,
10.42.78.92,aa:2c:6e:68:7f:b8,
10.42.78.144,12:2a:cd:9a:07:98,
10.42.72.219,00:d7:6d:27:3d:ff,
10.42.79.126,9e:36:80:9b:44:44,
10.42.78.149,ce:0d:98:6c:23:80,
10.42.78.150,8e:f1:9a:b8:ac:43,
10.42.78.34,9c:5a:81:de:c1:00,M1908C3JGG
10.42.78.99,06:39:e5:82:78:47,
10.42.78.159,6e:2c:ce:6d:68:d7,
10.42.78.167,6e:6a:e6:be:8f:20,
10.42.78.172,d6:20:d4:b6:7f:44,
10.42.66.211,a0:60:90:7a:f1:d6,
10.42.67.34,a8:16:d0:4a:c7:9d,
10.42.78.184,d2:c8:2b:d2:e9:a9,
10.42.78.108,d2:1a:85:f1:da:f2,
10.42.78.200,6a:13:36:51:f9:59,
10.42.78.201,64:c2:de:96:31:2e,
10.42.79.153,f0:d4:15:b6:70:38,
10.42.78.210,38:e3:9f:bd:31:82,
10.42.78.211,96:b8:0d:4f:c2:32,
10.42.78.220,8e:da:87:a6:57:12,
10.42.78.223,ba:02:5d:e5:0d:cb,
10.42.78.228,92:0f:e2:b5:5a:61,
10.42.78.235,d8:13:99:44:c0:3c,
10.42.78.247,86:5d:16:d3:02:11,
10.42.78.248,5e:44:d9:6c:cf:ef,
10.42.78.255,02:0b:cc:a7:ff:fd,
10.42.72.210,8a:31:aa:78:90:83,
10.42.79.0,6a:f7:1d:8b:e4:d7,
10.42.79.4,6a:6b:dd:9a:d2:77,
10.42.79.7,32:06:5a:8d:03:e7,
10.42.79.5,18:3e:ef:e9:8d:5a,
10.42.79.11,9a:8e:6f:56:00:80,
10.42.78.104,18:01:f1:db:ed:b4,
10.42.78.47,52:2a:a3:02:d7:63,
10.42.75.187,22:80:19:97:96:1f,
10.42.79.17,8a:5c:c4:55:28:0d,
10.42.79.18,b6:13:7b:14:50:4d,
10.42.79.20,7c:8b:b5:d6:7d:23,
10.42.79.21,f2:37:82:42:18:36,
10.42.79.22,d2:ac:15:a5:cd:ed,
10.42.79.23,aa:76:5f:28:28:ce,
10.42.79.127,5e:2a:31:cb:5f:05,
10.42.68.198,20:f4:78:22:dd:9a,MiNote10-MiNote10
10.42.77.244,64:a2:00:d4:d7:f2,M2006C3MG-Redmi9C
10.42.74.16,64:32:a8:aa:8d:27,
10.42.79.137,52:a9:fe:bc:c4:15,
10.42.78.115,3a:3f:46:06:f3:14,
10.42.79.138,32:bb:c8:45:3b:88,
10.42.79.139,92:97:fb:5f:92:38,
10.42.79.141,ae:d7:08:76:5f:1e,
10.42.79.142,04:10:6b:50:0b:e1,
10.42.79.144,02:3e:1c:81:a8:10,
10.42.79.145,a2:ec:da:1a:88:79,
10.42.79.146,fe:79:87:c9:06:5a,
10.42.79.147,de:82:cf:87:93:26,
10.42.78.182,9c:bc:f0:43:75:65,
10.42.79.150,16:80:c2:4b:cf:7f,
10.42.77.221,8c:e5:c0:c3:b9:94,Galaxy-A20s-Marta
10.42.79.76,92:e7:79:d5:2b:c8,
10.42.78.203,ca:f6:9d:24:fd:1e,
10.42.78.177,b6:14:e7:f9:92:85,
10.42.78.231,e8:5a:8b:c7:2e:af,
10.42.79.80,a0:ac:69:09:48:85,
10.42.79.82,74:f2:fa:76:cc:6a,
10.42.77.196,48:49:c7:ab:e1:1e,Galaxy-J5-Prime
10.42.79.191,00:c3:0a:7b:ff:23,
10.42.78.229,58:d9:c3:85:b4:ce,
10.42.79.86,f6:bc:cc:95:66:a0,
10.42.78.212,ea:bc:3e:93:4b:38,
10.42.78.226,48:87:59:4d:1b:78,
10.42.78.208,7a:0d:53:22:75:e6,
10.42.70.90,4c:63:71:77:e8:b1,
10.42.79.87,60:1d:91:0e:51:70,
10.42.79.89,02:66:29:7e:5f:94,
10.42.79.13,ca:94:b6:86:3c:e5,
10.42.79.12,a0:88:69:c8:61:3f,
10.42.79.91,96:02:4d:f9:6d:d4,
10.42.78.171,ee:bc:b5:dc:74:dc,
10.42.79.196,6e:dc:c9:4f:00:16,
10.42.79.92,16:e2:b6:32:d1:41,
10.42.71.99,96:f6:32:c9:bb:35,
10.42.64.172,5e:6b:68:d4:91:bc,
10.42.79.94,9a:e6:3a:60:e6:fb,
10.42.79.95,22:1a:19:24:de:bc,
10.42.79.99,fa:52:3c:ea:79:e5,
10.42.79.104,36:26:63:0c:a1:5b,
10.42.79.109,a2:e8:8d:da:ac:be,
10.42.79.110,7c:a4:49:c4:9a:20,
10.42.65.66,38:9a:f6:70:a8:fb,
10.42.68.124,de:60:a6:ab:6f:62,
10.42.72.192,a6:c9:34:49:01:f0,
10.42.79.115,18:87:40:ea:88:ec,
10.42.79.121,2a:c0:70:54:3b:48,
10.42.79.123,a6:07:95:e9:3e:e8,
10.42.77.72,34:b9:8d:02:fc:56,M2010J19SG-Redmi9T
10.42.72.238,18:87:40:71:c9:49,
10.42.79.46,16:85:5c:b1:3a:63,
10.42.79.47,4a:d6:4b:b6:36:50,
10.42.79.50,0c:c6:fd:ba:be:6f,
10.42.79.52,86:65:06:1a:98:c4,
10.42.79.59,9e:93:0a:d9:16:cb,
10.42.79.57,f2:c4:3a:6c:87:84,
10.42.79.60,e6:5f:48:90:d1:f0,
10.42.79.62,b8:94:e7:c7:b2:38,
10.42.79.64,f6:1a:a1:b3:d1:5d,
10.42.78.59,92:3e:3c:63:3e:dc,
10.42.78.214,76:20:93:c8:d5:e9,
10.42.77.88,60:ab:67:cd:f8:94,Redmi-Note-8-Pro
10.42.79.68,42:fb:d3:17:9f:b5,
10.42.79.71,7e:9e:35:bf:72:71,
10.42.79.72,56:68:f9:e9:b0:bb,
10.42.77.90,88:46:04:21:f4:76,M2101K7AG
10.42.79.74,32:23:27:79:61:fe,
10.42.79.136,1c:cc:d6:78:b2:ea,
10.42.77.84,1c:cc:d6:7e:0c:ad,RedmiNote8-RedmiNote
10.42.79.28,02:f6:64:e1:7d:41,
10.42.77.96,3a:f1:70:24:d4:c9,
10.42.79.31,ca:14:33:57:c3:0d,
10.42.79.32,26:90:3a:62:d2:d8,
10.42.79.33,ea:e4:69:bb:c3:e2,
10.42.79.35,ae:5f:02:38:41:04,
10.42.79.37,7e:72:c5:59:87:27,
10.42.71.80,b2:48:05:aa:58:b5,
10.42.77.89,1c:cc:d6:00:58:cf,RedmiNote8-Marta
10.42.77.101,16:55:35:4b:14:c6,
10.42.79.39,b8:94:e7:16:de:70,
10.42.78.100,f6:e6:b4:ac:37:d1,
10.42.77.106,da:ac:37:31:e6:15,
10.42.79.40,5a:ab:e4:af:83:44,
10.42.79.41,4a:e3:b7:e8:a4:7f,
10.42.78.9,c6:ce:5d:0a:59:1b,
10.42.78.12,ca:29:d7:f5:c1:e8,
10.42.78.15,d2:1a:79:c6:5b:ec,
10.42.78.16,66:75:02:0a:73:57,
10.42.78.17,ae:23:ef:7c:ab:62,
10.42.78.19,de:6f:87:48:72:4e,
10.42.78.20,3e:11:55:77:e6:30,
10.42.79.98,4e:cd:a0:5c:f6:ae,
10.42.66.81,e8:5a:8b:3c:37:7d,
10.42.79.108,9e:13:32:3e:5a:99,
10.42.78.23,86:2a:db:3e:03:05,
10.42.79.113,7a:05:96:59:ec:b1,
10.42.79.51,5e:a0:9a:3b:50:e9,
10.42.78.10,7e:d6:8b:c2:22:12,
10.42.79.42,a8:16:d0:33:8a:45,
10.42.79.53,9a:11:2b:e7:6a:e4,
10.42.79.114,d6:81:23:7c:2d:6e,
10.42.79.24,6e:cc:b3:66:f8:f2,
10.42.79.66,de:22:25:06:69:fb,
10.42.79.38,52:23:a5:95:88:7d,
10.42.79.117,1e:ee:c5:46:6a:9d,
10.42.79.103,6e:7f:2a:e9:00:22,
10.42.79.65,56:29:8a:ae:e5:ed,
10.42.78.143,1a:ec:66:16:ca:a6,
10.42.79.143,76:fb:3f:69:b9:fa,
10.42.78.80,6a:ff:b4:f2:6d:18,
10.42.79.67,66:8e:93:a4:1e:e1,
10.42.78.28,52:ca:d5:bf:18:55,
10.42.78.29,72:8b:9e:44:98:0a,
10.42.79.97,d6:e2:a5:f6:9b:fd,
10.42.77.202,c6:c1:d7:98:db:00,
10.42.79.119,b6:db:71:6e:87:26,
10.42.77.162,a6:38:87:23:f1:5d,
10.42.79.107,ea:cf:96:c8:f0:4e,
10.42.78.38,98:f6:21:80:ec:fb,
10.42.78.40,e0:80:6b:a4:22:ab,
10.42.78.133,e2:f3:00:e7:e6:37,
10.42.79.54,ba:0e:6e:e5:fe:5f,
10.42.74.86,36:ec:af:59:cd:16,
10.42.77.158,28:83:35:f3:25:bd,
10.42.77.159,8c:e5:c0:b7:ec:20,Galaxy-A10s
10.42.79.45,e2:d3:88:76:6e:94,
10.42.78.11,be:e3:c7:ad:9d:35,
10.42.78.94,0a:25:79:3a:89:ae,
10.42.79.73,50:8e:49:26:e2:fe,
10.42.77.8,a0:4f:85:fe:c3:c8,K71
10.42.77.236,b6:0a:e5:55:cf:80,
10.42.79.128,88:9f:6f:91:5b:76,
10.42.77.238,b2:73:70:b1:82:98,
10.42.77.129,60:ab:67:e6:f6:3f,
10.42.79.30,86:7b:08:96:7d:61,
10.42.77.241,e6:28:46:d6:f1:32,
10.42.77.242,36:c4:c4:82:c5:6a,
10.42.79.79,aa:a9:01:5f:a9:33,
10.42.78.51,2a:fc:45:b4:e7:b7,
10.42.77.247,06:1b:b5:bf:7c:0a,
10.42.77.251,52:f5:0d:5a:2f:23,
10.42.79.70,aa:d8:d2:b3:6c:49,
10.42.75.73,cc:a2:19:df:d4:28,
10.42.77.255,16:4d:fe:45:51:c2,
10.42.78.1,fc:19:99:11:9b:c0,
10.42.79.189,ea:de:93:de:9a:8b,
10.42.76.227,64:a2:00:96:ba:22,M2010J19CG-POCOM3
10.42.79.27,5a:9f:14:b3:d1:c7,
10.42.77.204,5e:c4:23:af:a1:34,
10.42.76.194,e8:5a:8b:b9:a9:b1,RedmiNote8-RedmiNote
10.42.76.81,de:34:41:02:46:3b,
10.42.77.205,88:52:eb:9f:e2:df,
10.42.78.98,fe:19:c8:fb:e7:dc,
10.42.79.25,58:20:59:06:93:ac,
10.42.77.206,4e:b0:ff:ec:03:4a,
10.42.76.116,d4:c9:4b:25:cb:3a,
10.42.76.117,8c:d9:d6:2d:de:3a,
10.42.79.134,7c:8b:b5:a6:81:f9,
10.42.76.199,18:d6:1c:71:85:58,android-f73478fc5d1409b3
10.42.76.136,e0:cc:f8:c5:39:89,RedmiNote8T-RedmiNot
10.42.78.7,f6:09:f6:45:ff:45,
10.42.76.166,60:6e:e8:ce:ef:88,M2102J20SG
10.42.66.22,de:a0:ab:05:e8:94,
10.42.77.218,b6:f1:ba:d9:b9:4e,
10.42.79.3,10:7b:44:85:82:b2,android-ac9be469f69c7862
10.42.71.231,8c:e5:c0:c3:b9:94,
10.42.78.213,64:a2:00:80:b0:a2,M2007J20CG
10.42.77.222,de:cc:df:96:4b:3c,
10.42.79.29,12:71:8e:63:fd:7f,
10.42.76.213,fc:64:3a:0f:79:30,Galaxy-J5-Prime
10.42.76.69,7c:03:ab:4b:e0:4a,RedmiNote7-Redmi
10.42.76.228,50:92:b9:bb:20:60,
10.42.76.75,2c:d0:66:39:7f:61,RedmiNote8-RedmiNote
10.42.77.224,ce:60:8f:ab:49:cf,
10.42.79.158,fa:32:e2:50:10:2b,
10.42.75.241,70:3a:51:1f:0b:01,
10.42.77.229,f2:46:67:39:fa:f3,
10.42.76.14,40:b0:76:85:03:8b,
10.42.74.68,6a:ae:de:c7:de:7e,
10.42.77.230,32:63:9a:78:0f:de,
10.42.77.231,26:88:ee:45:c3:1c,
10.42.77.233,8a:e7:b9:20:e6:b7,
10.42.77.177,12:58:51:57:e4:43,
10.42.70.202,fe:43:98:bd:17:f3,
10.42.77.178,86:bb:a7:75:f5:85,
10.42.75.145,fc:64:3a:59:bf:8c,Galaxy-J8
10.42.75.150,04:92:26:52:79:90,android-d0f8b670e1d163f1
10.42.73.122,50:92:b9:5a:a7:00,
10.42.75.159,60:1d:91:a8:8a:78,
10.42.77.179,8e:d0:c5:7c:3a:24,
10.42.75.169,3e:ca:14:79:64:ab,moto-g22
10.42.79.116,18:87:40:4f:06:1b,
10.42.75.177,24:46:c8:27:d6:be,
10.42.77.181,42:70:1b:e8:93:1a,
10.42.79.133,fc:64:3a:d8:22:aa,
10.42.75.185,68:14:01:ef:c4:55,DESKTOP-BSIHFPL
10.42.67.220,64:a2:00:d4:d7:f2,M2006C3MG-Redmi9C
10.42.78.27,96:6d:cb:fc:10:a1,
10.42.79.122,d6:bb:ce:cf:95:68,
10.42.69.118,08:cc:27:2f:27:05,
10.42.78.156,d0:97:fe:61:4b:c3,Realme-GT-Neo
10.42.78.36,c0:8c:71:2d:b8:2f,
10.42.77.188,be:78:fd:46:0b:2e,
10.42.66.203,da:2e:8b:ac:f2:fe,
10.42.78.158,b6:22:77:ff:45:86,
10.42.75.95,30:09:c0:41:d8:66,
10.42.78.30,b2:8e:84:c6:18:88,
10.42.79.152,7e:05:be:23:6b:24,
10.42.76.87,ca:38:67:5d:21:41,
10.42.75.82,66:c3:c4:46:7e:8d,
10.42.79.164,28:83:35:f2:2c:2d,
10.42.78.4,fc:64:3a:37:f8:ba,Galaxy-J6-de-Jessica
10.42.77.192,e2:9d:c6:3c:99:fb,
10.42.77.194,1e:e4:e6:9b:b6:5d,
10.42.75.67,b4:c4:fc:fd:08:67,RedmiNote7-xiaomired
10.42.74.127,d6:80:ce:cc:b1:ce,
10.42.76.91,f6:50:89:8b:ae:14,
10.42.77.215,50:92:b9:24:d3:fe,
10.42.78.32,6e:d1:b4:54:4d:40,
10.42.78.141,9e:d2:bd:a4:6d:37,
10.42.72.56,84:1b:77:64:cc:97,humap-wk-257101
10.42.77.198,66:9d:16:b8:86:c7,
10.42.77.199,d2:3b:b9:17:d7:e8,
10.42.70.155,9a:94:be:11:80:8c,
10.42.74.213,00:d7:6d:a1:48:20,DK
10.42.79.106,ee:ae:fc:17:ef:25,
10.42.78.31,aa:ba:0d:00:53:e3,
10.42.79.177,d6:18:2b:54:3e:0f,
10.42.79.180,76:a1:1c:ab:f4:d3,
10.42.72.93,ca:33:06:64:1a:a9,
10.42.77.200,e8:5a:8b:b4:53:0c,
10.42.68.56,4a:8c:93:1d:a9:e0,
10.42.76.224,60:3c:ee:2f:73:64,K52
10.42.77.163,aa:9b:65:e7:b0:c7,
10.42.77.165,1a:90:6e:3c:1a:b0,
10.42.78.152,e8:5a:8b:2e:bd:ab,RedmiNote8-RedmiNote
10.42.78.2,9e:b0:52:92:bd:0e,
10.42.78.230,32:7a:c0:cc:7f:a8,
10.42.79.9,ea:7b:eb:7a:f5:78,
10.42.74.238,04:d4:c4:a2:5b:40,ASUS_A001D
10.42.77.166,e6:20:fd:67:2b:af,
10.42.74.240,d0:77:14:17:d0:49,
10.42.77.67,f6:d2:3e:e5:2b:76,
10.42.76.156,38:9a:f6:27:43:c1,Galaxy-J7-Prime
10.42.74.244,70:3a:51:22:90:51,
10.42.77.169,7e:20:cf:32:97:8f,
10.42.79.96,60:3c:ee:56:8a:88,
10.42.76.112,d0:77:14:6c:1c:e4,
10.42.77.207,ca:5d:bd:08:f4:00,
10.42.77.170,4e:1e:13:47:71:38,
10.42.79.10,48:49:c7:28:75:16,
10.42.79.172,de:c0:d1:26:d3:92,
10.42.76.221,54:26:96:d0:b9:d5,Renatas-MBP
10.42.70.121,7c:fd:6b:3c:89:15,
10.42.77.171,04:10:6b:29:44:0a,
10.42.79.199,58:d9:c3:7d:5c:59,
10.42.77.185,8a:d8:a6:99:71:64,Galaxy-A10
10.42.77.174,30:4b:07:3e:44:3d,
10.42.77.175,ee:de:7d:ff:cc:84,Galaxy-M53-5G
10.42.77.68,30:45:96:66:5e:42,HUAWEI_Y6_2018-67ba5712ee
10.42.77.183,02:48:ea:1a:2b:4a,GalaxyM62-Sean
10.42.78.239,d4:d8:53:72:d4:c7,cogera146
10.42.77.70,22:10:f7:74:11:c4,
10.42.77.71,8a:64:74:61:f0:3a,M2102J20SG
10.42.79.43,48:49:c7:dd:6d:ce,Galaxy-J5-Pro
10.42.78.130,76:0c:76:b4:ee:d3,Redmi-Note-12
10.42.77.73,90:73:5a:e0:01:97,
10.42.78.50,6e:db:bd:c7:90:c7,
10.42.77.182,6a:95:7a:ee:47:2d,Galaxy-A11-de-Andressa
10.42.77.74,f8:71:0c:ae:ab:f4,
10.42.73.168,f8:1f:32:f2:fb:89,
10.42.77.75,16:56:3c:f7:b0:d2,Galaxy-A22
10.42.78.63,4a:5b:f2:4e:94:86,Galaxy-A23-5G
10.42.78.66,fa:2b:7b:78:3d:d9,Galaxy-A22
10.42.79.167,0e:6d:06:68:e2:a4,Redmi-Note-11
10.42.78.77,66:ea:d5:0a:c0:89,Galaxy-M23-5G
10.42.77.83,50:da:d6:8d:ed:5c,POCO-M4-Pro
10.42.78.233,f6:09:ba:99:12:63,Galaxy-A31
10.42.69.35,1c:cc:d6:7e:0c:ad,RedmiNote8-RedmiNote
10.42.78.117,ec:30:b3:0b:86:bc,Redmi-10A
10.42.78.86,7a:76:03:99:82:0a,Galaxy-A30s
10.42.77.87,62:9b:98:6b:fc:37,Galaxy-A11
10.42.78.52,fc:19:99:25:9d:96,M2004J19C-Redmi9
10.42.78.72,22:d5:91:43:d8:06,S21-FE-de-luciana
10.42.73.160,88:46:04:21:f4:76,M2101K7AG
10.42.77.219,ae:75:a0:75:4c:92,M2102J20SG
10.42.77.91,42:43:38:a9:5c:a9,
10.42.69.194,4a:00:2a:6b:f0:86,
10.42.74.73,02:7e:23:1d:4e:7c,
10.42.77.92,e2:cd:70:45:24:5f,Deise-Cristina-Dal-Ongaro
10.42.77.94,16:2e:45:55:8a:d6,Galaxy-S20-FE
10.42.77.95,74:97:79:59:74:3b,DESKTOP-H1UDGEB
10.42.77.97,c0:8c:71:42:dd:86,
10.42.77.99,16:6a:d0:f5:1a:f9,
10.42.77.104,70:5f:a3:15:d2:98,M2006C3MG-Redmi9C
10.42.66.235,c0:8c:71:6e:b9:be,
10.42.77.105,12:f5:ff:94:f5:08,Galaxy-A50
10.42.78.14,d2:61:34:01:3a:99,Galaxy-A14
10.42.77.108,8c:7a:3d:25:f1:18,M2103K19PG
10.42.77.110,2c:fe:4f:e9:0f:c2,Redmi-12
10.42.78.26,22:02:33:61:22:ac,Galaxy-A51-de-Camassanopaes
10.42.77.113,de:49:44:f7:8a:c9,M2101K7BG
10.42.78.114,f2:47:ee:6a:aa:0a,
10.42.77.114,fe:d5:cd:74:9c:85,Redmi-Note-12
10.42.77.115,82:b0:b1:b3:72:e1,
10.42.79.58,46:ca:35:ce:27:b4,Redmi-Note-10-Pro-Max
10.42.77.117,8e:4f:84:bb:93:a9,
10.42.77.118,c2:c9:cf:ae:82:02,Galaxy-A12
10.42.77.119,7e:cc:d9:0a:15:bf,A32-de-anderson-aguinaldo
10.42.78.134,ea:c5:f2:ad:af:d2,
10.42.77.120,c6:1c:b0:c0:b4:0f,
10.42.78.45,1c:cc:d6:b7:43:d1,Redmi-Note-8
10.42.77.121,6e:9e:d2:3e:09:da,M52-de-Rose
10.42.79.55,0a:5d:16:5d:02:2d,
10.42.79.120,da:6a:b4:b0:87:7a,
10.42.77.122,1e:28:dc:e4:d7:8f,S23-Ultra-de-Julio
10.42.78.135,dc:b7:2e:0c:9a:d0,M2006C3LI-Redmi9Appo
10.42.78.89,70:fd:46:85:fd:08,Eliete
10.42.79.105,b2:c4:fc:9b:dc:8b,POCO-M4-5G
10.42.79.36,0a:01:bd:e6:21:ee,
10.42.78.71,06:26:72:e6:9d:b5,
10.42.78.102,66:ad:ee:21:78:1f,Galaxy-A11
10.42.65.160,1c:cc:d6:00:58:cf,RedmiNote8-Marta
10.42.79.69,7a:11:24:af:eb:a0,
10.42.78.142,6a:f8:4a:c7:c2:08,
10.42.78.13,80:65:7c:cc:aa:88,
10.42.77.112,b4:b6:76:71:41:f2,DESKTOP-QJK9QSM
10.42.77.164,16:7f:bd:95:12:e0,
10.42.78.69,fe:c2:e1:14:0b:46,
10.42.78.68,6e:0f:21:e0:39:27,
10.42.77.124,5e:04:15:47:70:6e,Galaxy-A10s-de-Carlos
10.42.79.197,98:f6:21:be:da:b5,M2004J19C-Redmi9
10.42.78.160,1e:3c:3f:18:da:41,
10.42.77.125,4e:5c:bc:d1:e0:b0,
10.42.77.126,e6:81:c2:2b:ed:21,
10.42.77.128,fc:d9:08:58:17:aa,M2103K19PG
10.42.64.151,60:ab:67:e6:f6:3f,
10.42.77.133,e0:80:6b:a5:bf:8d,POCO-M4-Pro
10.42.77.135,3a:36:0a:7d:7f:a4,moto-e20
10.42.77.137,92:53:cb:3a:fb:07,Galaxy-S22
10.42.77.138,56:ba:7e:10:1c:a8,moto-g22
10.42.78.148,42:3f:c9:21:77:41,Redmi-Note-11S
10.42.79.118,ac:29:29:85:34:96,Infinix-SMART-6
10.42.77.139,7e:53:85:9d:0f:6c,
10.42.77.140,7a:c6:5f:cd:6b:29,
10.42.78.153,fc:64:3a:1c:c3:ee,android-5e8a76f61343b58f
10.42.77.141,06:d3:89:f6:40:bb,
10.42.77.142,52:e4:3c:af:ed:be,
10.42.77.143,4a:95:80:e8:93:88,
10.42.78.35,3a:5a:c8:cb:56:e3,
10.42.79.90,50:92:b9:13:79:e0,Galaxy-J7-Prime
10.42.78.155,06:72:3c:e7:50:9b,
10.42.78.151,7e:a4:31:67:b0:8e,Galaxy-A10
10.42.78.185,d6:0d:cd:a9:ca:8d,
10.42.78.189,da:a1:cb:8e:d4:1e,Galaxy-A11-de-Deyse-Carmen
10.42.78.166,d6:3a:d9:2b:34:78,
10.42.77.149,32:d4:5c:ae:70:62,Galaxy-A22-5G
10.42.77.150,4a:ed:84:29:3e:ea,S20-FE-de-Cledina
10.42.77.151,c0:8c:71:c7:25:2b,
10.42.78.161,2a:67:ab:31:a0:9a,
10.42.79.124,92:16:fc:f6:70:38,
10.42.78.139,de:e0:0f:8e:48:da,Galaxy-A20
10.42.78.62,e2:b5:b9:2a:c1:a6,
10.42.78.124,c8:c7:50:0a:46:c3,
10.42.77.156,52:ed:fb:27:21:bf,A13-de-Isabel
10.42.78.113,da:33:98:00:aa:a7,moto-g22
10.42.77.157,06:d3:0f:7d:95:31,moto-g22
10.42.79.26,5a:cc:76:04:bb:fa,
10.42.78.168,24:d3:37:52:f6:24,Redmi-Note-12
10.42.64.229,28:83:35:f3:25:bd,android-1faf152ff59b7d29
10.42.67.201,8c:e5:c0:b7:ec:20,Galaxy-A10s
10.42.77.161,3e:33:f9:43:16:c9,Redmi-12
10.42.76.235,1e:41:7b:2c:62:ed,moto-g22
10.42.76.238,2e:0e:a4:f7:2c:51,
10.42.76.240,f6:13:8e:3a:65:b3,Galaxy-A12
10.42.76.241,e0:80:6b:4d:e6:f0,POCO-X4-Pro-5G
10.42.65.194,60:ab:67:cd:f8:94,Redmi-Note-8-Pro
10.42.79.132,c2:d1:f6:f2:06:71,Galaxy-A11
10.42.64.112,96:12:1a:04:da:dc,Galaxy-A03-Core
10.42.76.242,82:bb:63:7b:c6:b4,A32-de-Josiane
10.42.76.243,ba:e9:55:20:63:c2,
10.42.76.245,e6:e2:46:7a:f0:ac,A32-de-MIRIA
10.42.76.246,50:3d:c6:bc:fd:70,M2006C3MG-Redmi9C
10.42.78.188,6e:78:a4:32:67:9e,Redmi-Note-12S
10.42.76.247,84:37:d5:33:0b:2d,Galaxy-S20-FE-de-Marina
10.42.76.248,86:7c:91:c1:72:0a,S21-de-Marina
10.42.76.249,96:87:2a:3f:40:5b,Redmi-Note-11
10.42.76.250,06:b9:5c:e3:83:ca,
10.42.65.186,6a:b4:38:45:5f:d1,
10.42.76.253,9e:b7:5a:ef:0b:f7,S23-Ultra-de-Luciana
10.42.76.255,ba:8f:41:0b:38:24,
10.42.77.2,6e:b5:6d:41:55:6a,
10.42.76.251,de:f0:30:a5:22:ba,Redmi-12
10.42.77.4,12:b7:68:ed:a4:c4,
10.42.76.252,66:9c:ca:21:36:3d,Galaxy-A22
10.42.77.5,c2:84:56:e7:9e:ab,A23-de-Air
10.42.77.184,96:88:b8:af:77:d6,
10.42.77.6,1e:4b:31:f0:de:0f,moto-g22
10.42.67.221,a8:96:75:1c:2e:2d,
10.42.77.7,2a:b1:43:ac:db:36,Redmi-10C
10.42.77.10,aa:f7:a1:3e:58:1f,M2012K11AG
10.42.77.11,e4:84:d3:e7:45:fb,M2101K7BL
10.42.77.12,8e:f2:96:d8:8a:22,Redmi-12C
10.42.77.14,d6:26:27:a4:2e:bf,moto-e20
10.42.79.56,06:24:d8:37:d9:df,
10.42.77.145,52:f6:e9:17:22:c7,M53-de-Gianny
10.42.77.16,48:90:2f:fe:da:e4,LG-K22+
10.42.77.17,f6:d7:76:8a:ec:4c,S20-FE-de-Diana
10.42.77.18,42:33:27:6a:da:39,S22-Ultra-de-Pedro-H
10.42.77.19,66:11:83:b3:57:82,Galaxy-A14-5G
10.42.77.20,96:19:a6:a5:46:4f,
10.42.77.21,04:d3:95:77:db:e9,
10.42.77.22,82:38:b2:2c:d5:6b,13430
10.42.78.54,b6:63:16:97:f6:0f,S23-Ultra-de-Cesar
10.42.77.24,a6:76:df:1e:74:40,
10.42.77.25,ce:4a:8b:ae:53:30,
10.42.78.120,22:b1:28:9e:41:47,
10.42.77.26,b6:76:d3:2f:3b:ca,Redmi-12
10.42.78.195,00:b8:b6:29:75:bb,
10.42.78.82,d2:e5:90:d0:16:88,Galaxy-A02s
10.42.77.27,be:fc:ca:66:74:70,A23-de-Paula
10.42.78.181,fe:99:d1:5b:52:aa,
10.42.77.28,7a:da:af:c0:d1:1d,Redmi-12C
10.42.77.30,aa:2c:a0:95:81:34,A14-de-Gislayne
10.42.77.31,00:b8:b6:8c:30:81,
10.42.77.32,f6:6b:c3:71:2d:78,
10.42.77.33,56:12:62:2c:b6:86,
10.42.78.186,d6:49:78:8f:85:25,
10.42.77.35,7a:c6:8e:bc:bb:03,
10.42.77.37,88:b4:a6:a9:78:8c,Moto-G5-Plus-XT1683
10.42.77.38,04:d3:95:ed:87:25,
10.42.77.39,b2:9b:e6:56:a0:dc,Redmi-Note-10S
10.42.77.41,bc:61:93:7f:d1:1c,
10.42.77.42,e2:ac:a7:30:12:0a,
10.42.77.44,96:93:66:52:b8:64,M62-de-Lorrayny
10.42.77.46,fc:d4:36:6f:d1:7b,
10.42.77.48,4a:e8:79:76:93:7e,moto-g22
10.42.77.49,46:2d:50:ad:40:52,S22-Ultra-de-Thiago
10.42.77.50,46:14:a3:55:4b:5e,
10.42.77.51,bc:61:93:84:41:bd,Redmi-10C
10.42.77.52,a6:de:82:51:21:c1,Redmi-Note-11
10.42.78.5,06:92:ee:2a:26:65,M2101K9AG
10.42.77.57,96:c6:a6:0e:94:cb,
10.42.77.58,aa:27:e8:d7:c8:43,POCO-X4-Pro-5G
10.42.78.169,ea:13:2e:9f:50:6f,S20-FE-de-Marcelo
10.42.78.0,42:a5:e7:b0:22:a0,A53-de-Dyego
10.42.77.249,16:a7:1b:64:b5:72,
10.42.77.53,12:fb:bb:81:59:1c,
10.42.78.218,f6:9e:75:99:ba:bd,
10.42.77.63,74:f2:fa:94:74:c8,M2006C3LII-Redmi9i
10.42.76.210,6e:3f:1b:37:c7:10,
10.42.76.212,f6:79:54:ec:76:cc,A03s-de-Iasmin
10.42.76.218,04:d9:f5:3f:7b:bd,ASUS_A001D
10.42.76.220,06:95:66:e6:d3:e3,
10.42.76.222,8a:6a:42:3e:d3:80,Redmi-12C
10.42.77.248,6e:df:9b:20:e5:68,
10.42.76.223,d6:85:a9:03:ca:f3,Galaxy-A20-de-Ulisses
10.42.76.226,ca:d0:99:fd:87:04,Galaxy-A22
10.42.76.229,12:07:22:13:bb:62,A13-de-Geovana
10.42.76.230,2a:f9:1f:6e:43:7a,A24-de-Milena
10.42.76.231,82:c1:77:f7:be:c8,S10e-de-Isabele-Nogueira
10.42.76.232,1e:80:e1:1a:c4:32,
10.42.76.233,46:fa:bf:b4:42:52,Galaxy-A32
10.42.76.186,1a:d8:17:af:cc:8a,Galaxy-S20-FE-Sara
10.42.76.187,fa:ac:fa:61:7b:f2,POCO-X3-Pro
10.42.78.3,9a:68:18:78:a9:06,
10.42.78.39,ae:c0:6d:49:ae:80,
10.42.76.189,12:8a:22:a3:b4:3c,
10.42.76.191,04:10:6b:87:41:6f,Redmi-Note-11S
10.42.76.193,5e:d3:92:c9:21:8c,Galaxy-S23
10.42.72.35,e8:5a:8b:b9:a9:b1,RedmiNote8-RedmiNote
10.42.76.196,ae:67:75:da:ce:c5,
10.42.78.116,22:89:f9:f9:86:71,
10.42.73.23,9a:af:4e:0e:ed:5c,
10.42.78.209,4c:e0:db:85:f0:aa,Redmi-Note-11S
10.42.77.210,5a:d0:0f:fc:c1:e8,moto-g22
10.42.76.215,fc:19:99:96:fe:3f,RedmiNote8-RedmiNote
10.42.76.202,46:f4:ec:8b:52:14,
10.42.77.254,a2:fe:83:ba:cc:36,M21s-de-Michelle
10.42.76.205,8e:b2:f1:08:c8:e8,S23-Ultra-de-Thiago
10.42.76.204,f2:fc:8c:b8:bc:4b,
10.42.76.107,32:42:26:cd:3d:55,moto-g-20
10.42.76.108,36:d5:56:29:dd:92,Redmi-Note-11S
10.42.73.113,50:3d:c6:c1:51:fe,Redmi-Note-9S
10.42.79.14,3a:c0:88:9b:31:8f,
10.42.76.109,f2:a8:41:0a:4e:5b,A23-de-Claudineia
10.42.76.111,04:10:6b:71:9c:ce,Redmi-Note-11S
10.42.76.113,f6:7c:ec:45:ec:f5,Redmi-10C
10.42.75.110,86:16:bf:6d:71:99,
10.42.78.227,be:dd:6f:fe:94:7e,
10.42.71.225,d4:c9:4b:25:cb:3a,
10.42.76.115,d6:a4:4b:84:7d:46,Redmi-12
10.42.76.120,4e:95:1f:29:28:d7,Galaxy-A53-5G
10.42.76.121,82:09:f2:e4:f5:78,
10.42.76.122,02:f9:2d:e8:34:39,
10.42.76.123,9a:a2:c7:30:33:3f,Galaxy-M10-de-Micilene
10.42.76.125,3c:06:30:47:7f:a8,
10.42.76.130,ea:de:66:89:1f:d5,
10.42.76.131,fa:b2:cb:65:d4:0b,
10.42.78.8,2a:ec:2b:67:3c:b2,A14-de-juliano
10.42.77.232,4e:68:eb:db:40:3f,Galaxy-A12
10.42.78.216,3a:af:1d:10:7a:30,Galaxy-A11-de-Enmy
10.42.78.222,e6:77:c4:19:6a:a4,moto-g-20
10.42.76.134,cc:c0:79:5c:77:a1,Galaxy-Note9
10.42.64.149,e0:cc:f8:c5:39:89,RedmiNote8T-RedmiNot
10.42.76.137,76:8d:47:69:4c:24,Galaxy-A80
10.42.76.138,c6:f4:57:b0:bb:c7,A34-de-Francielle
10.42.76.139,ce:86:fc:96:d6:8f,
10.42.76.141,3a:3b:52:c2:7c:4c,
10.42.76.142,ee:e6:80:27:71:ba,
10.42.67.188,3e:81:e3:5f:ff:f2,
10.42.76.143,36:11:a5:a7:64:a2,S22-Ultra-de-Aline
10.42.78.225,a2:b8:6e:f6:42:24,
10.42.77.82,f6:31:bf:d4:08:c6,
10.42.78.249,c2:76:0c:f6:92:68,
10.42.76.147,86:39:3b:ff:79:31,Galaxy-J6
10.42.78.198,f2:df:24:42:c1:6c,
10.42.76.148,38:9a:f6:7e:64:a1,Galaxy-J7-Prime
10.42.76.149,3e:d6:c5:e3:ea:c0,A04e-de-JULIO-CESAR-R
10.42.76.150,9c:2f:9d:5e:44:f7,DESKTOP-E7URNO7
10.42.76.106,92:69:df:eb:03:a3,A13-de-Francieli
10.42.76.151,ee:a0:aa:8f:7a:9f,
10.42.78.60,d2:03:67:63:f8:a3,HIT-P8
10.42.76.152,ba:8e:24:5e:fb:d7,M2101K6G
10.42.77.252,96:cd:be:b9:c0:cb,
10.42.79.140,62:cd:ee:32:35:d7,
10.42.76.153,20:f4:78:fb:4c:9c,"RedmiNote7-,ew2w7x"
10.42.76.158,e2:4e:75:a2:4d:0f,
10.42.76.157,de:23:80:58:25:84,
10.42.76.161,18:87:40:91:33:71,RedmiNote8Pro-RedmiN
10.42.76.162,e6:37:51:48:e2:9a,S22-de-Oleci
10.42.76.163,46:e5:aa:2b:cb:4d,
10.42.71.206,10:7b:44:85:82:b2,android-ac9be469f69c7862
10.42.76.165,a8:16:d0:7a:ae:85,Galaxy-J7-Pro
10.42.76.167,c6:d8:6f:bf:ea:3a,Bruna-Souza
10.42.76.164,22:38:5e:c3:ca:90,M2101K7BL
10.42.76.168,ea:eb:79:d2:8d:ff,Note20-Ultra-de-Nelson
10.42.76.169,b2:f5:47:87:28:f8,
10.42.76.170,f6:a3:ef:2d:88:8e,
10.42.76.171,f6:b6:01:d9:2b:ab,
10.42.76.172,e6:95:86:91:5a:5b,
10.42.71.161,36:0a:d5:fa:e6:33,
10.42.76.177,1a:63:c0:39:da:ee,S22-Ultra-de-Buiu
10.42.76.175,bc:7f:a4:fc:5d:ff,
10.42.76.180,96:ca:88:13:0e:9e,Xiaomi-11-Lite-5G-NE
10.42.76.182,a6:85:e4:d4:fb:13,
10.42.76.183,16:f2:01:85:74:24,Galaxy-A32
10.42.76.184,5e:91:9a:d9:48:8e,
10.42.76.94,16:cd:d0:96:03:dc,Redmi-Note-10-Pro
10.42.76.95,dc:6a:e7:b9:74:d0,Redmi-Note-11
10.42.77.180,be:1e:46:53:3a:67,A51-de-adriana
10.42.76.96,c2:ce:5a:45:80:2a,Redmi-Note-11S-5G
10.42.76.97,64:32:a8:94:e9:86,DELL
10.42.76.98,82:11:96:b3:8b:37,Galaxy-A11-de-Nara-Velize
10.42.76.99,ca:d2:1b:17:3b:87,
10.42.76.100,68:7d:6b:0f:cc:13,SM-J410G
10.42.76.88,86:a1:14:14:6a:21,POCO-X5-5G
10.42.76.82,5a:4a:0c:a5:a9:92,
10.42.67.217,22:88:7a:87:3b:d7,A23-de-Larissa
10.42.76.83,d2:0d:02:44:bb:2e,A32-de-Ivair
10.42.79.1,8c:aa:ce:c4:c8:a6,M2010J19CI-ogguu
10.42.71.145,64:a2:00:80:b0:a2,M2007J20CG
10.42.76.188,0e:7a:5f:7a:5b:3d,Galaxy-J6-de-Jessica
10.42.76.86,28:16:7f:e9:10:07,
10.42.77.216,62:ac:b6:6f:21:89,
10.42.76.43,80:58:f8:42:45:3e,
10.42.78.250,26:6f:fd:24:18:17,S21-Ultra-de-Nicole
10.42.76.90,7a:15:8d:9f:61:d6,Galaxy-S10-de-Adrieli
10.42.76.44,04:d9:f5:6f:98:2f,ASUS_A001D
10.42.76.45,2e:4c:46:ef:e3:f3,
10.42.76.48,be:19:b2:98:96:89,OnePlus-8T
10.42.76.49,0e:b7:40:11:1a:44,Xiaomi-11-Lite-5G-NE
10.42.76.50,e2:67:0d:ba:75:3f,
10.42.76.51,be:4f:8d:3a:68:f8,
10.42.76.53,ee:10:13:9c:d4:9a,Redmi-12
10.42.76.54,f2:64:64:8d:25:a2,A32-de-Shaiane
10.42.76.42,90:e8:68:94:24:69,CN8-21002040
10.42.76.55,32:84:24:66:6f:2f,
10.42.76.56,22:42:3d:45:ce:24,
10.42.76.57,fc:64:3a:96:f1:1c,Galaxy-J8
10.42.76.59,f6:b1:ba:b0:6e:2d,M2012K11G
10.42.76.61,06:0d:3f:b8:7f:f0,
10.42.77.190,88:52:eb:fb:24:1d,POCO-M4-Pro
10.42.76.63,e2:ef:f5:60:2a:ae,
10.42.76.65,5c:cd:5b:84:7b:fa,DESKTOP-VINICIUS
10.42.76.66,fa:1f:0f:8c:b5:3f,A14-de-Aguinaldo
10.42.76.67,de:0a:28:2f:04:28,
10.42.76.64,66:60:a3:37:7a:c1,
10.42.76.68,fa:d3:d7:ec:7a:45,
10.42.66.185,7c:03:ab:4b:e0:4a,RedmiNote7-Redmi
10.42.76.70,2a:d0:b1:6f:df:40,S21-FE-de-Paulo-Henrique
10.42.76.71,c2:5d:f7:d4:df:5c,moto-g22
10.42.78.132,8a:89:53:b8:27:e4,A21s-de-Beth
10.42.76.73,76:71:cc:64:68:1d,
10.42.76.74,5e:72:4b:33:72:1b,A71-de-Jacqueline
10.42.78.37,32:c0:26:f6:41:a1,Galaxy-A14-5G
10.42.69.80,2c:d0:66:39:7f:61,RedmiNote8-RedmiNote
10.42.76.76,82:c0:fb:b6:72:e7,
10.42.77.213,de:2e:95:8f:c6:c2,
10.42.76.78,0e:43:29:09:ed:8d,
10.42.76.77,f2:5e:fb:ec:cd:5b,Redmi-Note-11
10.42.76.79,38:9a:f6:07:12:f3,Galaxy-J5-Prime
10.42.75.188,da:80:20:18:5c:0a,M2003J15SC-RedmiNote
10.42.75.189,4a:ac:c9:8e:17:73,Galaxy-A52s-5G
10.42.79.78,5e:8c:dc:20:be:66,
10.42.66.160,42:a4:e0:87:46:14,
10.42.75.192,2a:e2:13:91:1a:53,
10.42.75.193,fe:6d:c5:a0:e5:d9,
10.42.75.194,66:9a:2f:bb:26:90,S23-de-Fernanda
10.42.78.18,4a:6e:cf:c2:9d:5b,Galaxy-Tab-A7-Lite
10.42.75.195,3e:6b:80:cb:81:92,Galaxy-A70
10.42.75.196,c4:9d:ed:96:e0:93,DESKTOP-ISIVURS
10.42.75.197,56:2a:af:7c:3b:c3,
10.42.75.198,66:29:ba:8c:52:23,S23-de-Ana-Carolina
10.42.70.69,90:32:4b:c9:05:9f,DESKTOP-RUILL62
10.42.75.200,dc:bf:e9:8d:89:29,
10.42.75.201,0a:d4:50:03:07:ee,Galaxy-S20-FE-de-Monica
10.42.75.202,a8:16:d0:1b:2e:35,Galaxy-J5-Prime
10.42.75.205,72:29:88:d6:a1:d5,Galaxy-A12-de-No-name
10.42.79.187,d6:79:c0:a4:b9:6a,POCO-X4-Pro-5G
10.42.75.208,3c:13:5a:b6:91:4b,Redmi-Note-12-Pro
10.42.75.209,2e:ec:48:ce:7e:68,
10.42.75.210,ba:eb:49:77:30:2f,moto-e20
10.42.75.211,76:2a:b4:53:31:f3,
10.42.75.215,3e:2e:84:11:b3:a8,POCO-X4-Pro-5G
10.42.75.216,dc:bf:e9:cf:9b:69,
10.42.75.217,38:9a:f6:95:de:53,Galaxy-A8-2018
10.42.77.228,5a:dc:5d:fd:e9:f5,
10.42.75.218,0e:84:43:b5:04:22,Redmi-Note-12
10.42.75.220,56:a6:41:3e:ba:78,Redmi-Note-9S
10.42.75.221,fe:29:47:0a:6c:09,M2102J20SG
10.42.75.222,ae:10:8a:09:18:df,Galaxy-A53-5G
10.42.75.223,5e:3f:4b:14:06:52,A73-de-Wagner
10.42.75.224,8e:54:7e:ef:83:e9,
10.42.75.225,e6:7c:41:4c:83:b7,M62-de-Douglas
10.42.74.76,f6:a0:44:1b:2a:5b,A03-de-Hellen
10.42.75.227,a2:46:99:ec:1f:46,
10.42.75.228,8a:da:38:67:57:b3,Redmi-Note-12-Pro
10.42.75.229,ea:12:a3:9a:30:d4,A71-de-DF
10.42.75.231,a4:4b:d5:2b:27:60,Redmi-Note-9-Pro
10.42.68.111,c6:09:77:60:63:d1,
10.42.75.232,46:63:77:ed:1c:a3,A54-de-Thais
10.42.75.233,a4:4b:d5:57:27:ca,RedmiNote8-Redmi
10.42.75.234,24:11:45:f2:c1:4f,RedmiNote8-Redmi
10.42.75.235,72:07:be:1d:7b:c4,
10.42.77.102,c8:c7:50:0a:7e:31,
10.42.75.236,ea:8e:1c:97:bc:7c,Clediane
10.42.71.233,36:e8:94:ca:03:02,S23-Ultra-de-Vinicius
10.42.75.237,72:46:a8:71:ad:be,Galaxy-Tab-A8
10.42.75.239,4a:59:a1:80:32:4f,Galaxy-S10-de-Marcos
10.42.75.240,ae:21:ad:79:43:b0,POCO-X4-Pro-5G
10.42.78.254,b2:1c:ce:3b:19:24,A51-de-Thais
10.42.75.242,50:da:d6:5f:41:14,Redmi-Note-10-5G
10.42.75.243,f6:af:07:c9:44:f8,Galaxy-S9-de-P
10.42.75.244,92:47:07:37:bc:a3,M12-de-Leonardo
10.42.75.246,2e:44:35:97:99:c4,Tab-S6-Lite-de-MATEUS-DE-ANDRADE
10.42.78.44,06:2c:51:4c:e0:e0,M52-de-Vitalino
10.42.75.247,22:f0:3a:f7:20:46,Redmi-Note-11
10.42.75.248,0a:ad:66:85:e9:8d,
10.42.75.249,0e:8f:5c:6e:5d:65,Galaxy-A71
10.42.75.251,66:2d:f9:ae:58:c3,
10.42.66.74,70:3a:51:1f:0b:01,
10.42.69.16,fc:64:3a:2e:08:74,Galaxy-J7-Pro
10.42.77.172,b6:ed:9f:ce:fe:ee,A12-de-Keila
10.42.76.0,04:d9:f5:6e:55:21,
10.42.65.227,a4:50:46:c7:e2:a6,MI8Lite-MiPhone
10.42.76.2,2e:43:3e:ea:ad:6b,
10.42.76.4,a2:b8:85:97:90:85,
10.42.76.6,50:8e:49:1b:e2:86,RedmiNote8-RedmiNote
10.42.78.253,de:bd:bd:fa:aa:a2,S20-FE-de-Adriana
10.42.76.9,fc:64:3a:98:33:16,Galaxy-J4
10.42.76.12,d6:c2:40:d2:32:a0,
10.42.76.13,8a:97:ff:4f:13:28,Galaxy-A03-Core
10.42.78.33,0a:61:26:1b:86:e2,A23-de-Luis
10.42.76.15,74:f3:51:1c:ce:4a,
10.42.76.16,8e:c4:92:02:eb:4b,M31-de-Maria-Elisa
10.42.69.107,40:b0:76:85:03:8b,ASUS_Phone
10.42.76.19,06:db:4f:50:76:ab,Redmi-Note-12
10.42.76.20,9a:30:04:e4:ac:42,Galaxy-A51-de-Flavia
10.42.76.21,1a:d0:85:17:a3:8d,
10.42.76.22,62:11:34:38:7a:52,A32-de-Paulo
10.42.76.23,ac:1e:9e:4e:34:e3,Redmi-Note-11-Pro-5G
10.42.76.24,98:43:fa:62:75:7d,BOOK-VUCU72IKD4
10.42.76.25,2e:aa:ae:c0:33:8a,
10.42.76.26,d6:29:a1:a6:34:56,M52-de-Khamyla
10.42.77.107,38:9a:f6:c2:2d:79,Galaxy-J7-Prime2
10.42.76.29,b2:42:29:cd:55:88,
10.42.76.30,ac:1e:9e:ab:05:a3,POCO-M4-Pro
10.42.76.31,c2:43:22:fb:a8:96,A13-de-Aline
10.42.76.33,be:1f:d4:47:92:77,A71-de-Marcos
10.42.76.27,80:2b:f9:2f:f7:c1,DESKTOP-3HS
10.42.79.156,16:be:54:68:05:b2,Redmi-Note-11
10.42.76.38,fe:c2:bf:f9:8f:9a,
10.42.76.39,2e:09:ad:71:00:28,A32-de-Yara
10.42.76.40,d6:1d:f4:08:9c:29,
10.42.76.41,a6:62:0b:2b:36:bf,
10.42.75.214,4a:f9:37:13:87:c9,
10.42.75.111,aa:81:dd:de:9d:65,Yuri-s-S20-FE
10.42.75.199,5c:cd:5b:35:51:d8,DESKTOP-O6V00HG
10.42.75.113,f6:43:8a:d4:8a:f3,Galaxy-A22
10.42.75.114,66:7c:e9:67:97:52,
10.42.75.116,a8:9c:ed:6c:bd:c5,Redmi7-Redmi
10.42.76.17,fc:19:99:df:b4:d3,M2003J15SC-RedmiNote
10.42.76.1,6e:a6:80:d7:bc:7d,
10.42.75.118,e2:72:b0:f9:b8:8d,
10.42.75.119,36:a5:48:e3:f3:ad,M2102J20SG
10.42.75.120,3e:44:93:5e:ab:de,M2101K7AG
10.42.75.121,f2:89:17:b6:a8:50,M2101K7BL
10.42.75.122,ca:5e:06:40:99:7b,moto-g22
10.42.75.123,96:aa:ac:5c:af:88,
10.42.75.124,c2:a9:a0:7d:90:ab,
10.42.79.148,74:15:75:6c:4c:c1,M2006C3LG-isah
10.42.75.125,e8:f7:91:5f:d9:56,
10.42.72.84,7c:fd:6b:2b:09:90,
10.42.75.127,be:d2:ac:0c:26:b1,
10.42.77.111,72:d6:2d:36:c5:d9,A12-de-Karla
10.42.75.129,00:d7:6d:9f:61:ea,Eduardo
10.42.75.130,42:7b:89:71:c3:1a,
10.42.75.131,be:bf:70:be:c6:d3,
10.42.75.132,ea:ee:15:dd:aa:1f,Redmi-Note-12S
10.42.79.174,50:28:4a:df:3f:d1,cogera140
10.42.75.133,04:ea:56:c9:51:76,DESKTOP-HUPG0IP
10.42.78.197,e2:b2:d2:b1:71:5c,Galaxy-A12
10.42.75.135,a6:eb:a4:06:db:bd,
10.42.75.136,92:ce:fe:17:e1:f2,
10.42.75.138,ca:60:56:d5:c2:3f,Note10-Lite-de-Aylton
10.42.75.139,42:af:70:af:23:b2,S20-FE-de-Tatiana
10.42.75.140,b6:bc:2e:f4:ef:b1,S23-Ultra-de-Gabriel
10.42.79.88,d8:b0:53:30:57:e9,M2102J20SG
10.42.75.141,8e:ed:23:27:90:73,Note20-Ultra-de-Otavio
10.42.79.63,e0:cc:f8:24:10:2c,RedmiNote9Pro-RedmiN
10.42.75.142,fa:c6:ae:40:ac:99,
10.42.75.143,1a:aa:37:f3:52:e8,Galaxy-A30
10.42.79.85,e8:5a:8b:b2:07:51,RedmiNote8-RedmiNote
10.42.75.144,8e:af:f6:e8:56:66,
10.42.75.146,08:8c:2c:ff:dc:68,android-bf01489cc984f48f
10.42.75.147,60:ab:67:e9:b9:3f,
10.42.75.148,3a:56:f9:41:2c:5b,
10.42.64.142,04:92:26:52:79:90,android-d0f8b670e1d163f1
10.42.75.151,f2:53:48:ea:ea:d7,
10.42.75.152,d6:3d:b7:86:4f:35,
10.42.75.153,06:65:b7:6b:68:84,
10.42.75.154,28:11:a8:fb:da:e2,LAPTOP-4MTS9485
10.42.75.155,4e:16:9a:88:bd:a5,
10.42.75.156,a6:17:3b:64:7a:64,Galaxy-A13
10.42.78.243,46:e6:fb:a7:39:f3,A54-de-Camila
10.42.77.98,88:b4:a6:2f:52:f0,
10.42.78.204,ea:de:74:0b:b8:46,M52-de-Alessandra
10.42.64.250,d8:b0:53:85:ee:70,Redmi-10
10.42.75.158,fc:64:3a:b9:36:ca,Galaxy-J6
10.42.68.91,60:1d:91:a8:8a:78,
10.42.75.160,ae:7e:e8:4d:e4:37,
10.42.75.161,72:14:d0:51:48:46,Galaxy-A54-5G
10.42.75.162,64:c2:de:65:07:6c,android-888c8a214ee3c798
10.42.75.163,4a:1e:04:04:2b:ef,S21-FE-de-Danusa
10.42.75.164,da:85:42:f2:bb:8b,
10.42.75.165,02:58:56:b1:03:aa,
10.42.78.122,3a:68:60:8f:2d:bc,Tab-A7-de-Antonio
10.42.75.166,96:89:d2:46:0a:96,android-178bf2ea8a53a2f5
10.42.64.129,fc:64:3a:37:f8:ba,Galaxy-J6-de-Jessica
10.42.75.167,86:e0:b3:cf:5e:35,Galaxy-A51-de-Lara
10.42.75.168,b2:f6:23:d8:2e:b3,
10.42.75.171,b6:8d:55:de:a4:35,Galaxy-A31
10.42.75.170,22:74:c4:fb:fc:a6,
10.42.75.172,62:4b:56:a5:eb:b2,A34-de-Lucilene
10.42.75.173,96:1c:1c:7c:54:07,
10.42.79.130,c6:43:ba:ff:bf:48,
10.42.75.174,6a:ef:bb:fc:26:7a,Redmi-Note-12
10.42.75.175,7e:d7:b1:d7:66:99,
10.42.75.176,3a:68:c7:ac:86:3f,
10.42.77.69,ba:b1:a7:e2:43:08,
10.42.75.178,2a:95:0d:28:10:a7,
10.42.77.109,10:94:bb:e2:67:52,
10.42.78.251,6a:39:15:7e:1b:21,android-73c1e33049ef057f
10.42.75.179,b6:85:c9:24:ca:ce,
10.42.75.180,da:b8:22:44:6e:b3,Redmi-Note-11
10.42.75.181,ea:88:d3:cf:d9:b2,Redmi-Note-10-5G
10.42.75.182,5a:af:e1:d2:cc:ab,Galaxy-A11
10.42.69.168,e0:d0:45:f2:d0:ff,LETICIA
10.42.78.70,e6:ec:82:c3:c4:25,S22-Ultra-de-Christian
10.42.73.43,92:67:34:16:ee:02,M23-de-Malcom
10.42.74.74,30:fc:eb:88:10:d7,LG-K22
10.42.77.235,3a:1f:b4:e2:f5:42,M2101K7AG
10.42.78.55,50:92:b9:da:14:5e,android-39e1c6a78ac09272
10.42.75.184,58:d9:c3:15:ba:27,
10.42.75.186,56:f5:a1:8c:0e:23,Galaxy-Tab-S6-Lite
10.42.79.190,7a:ed:c3:ad:8b:22,M2003J15SC-curiosida
10.42.76.104,e8:5a:8b:2e:75:eb,RedmiNote8-RedmiNote
10.42.78.232,38:9a:f6:77:70:33,Galaxy-J7-Prime
10.42.79.160,ac:1e:9e:25:62:81,POCO-X4-Pro-5G
10.42.75.128,74:f2:fa:0f:d7:ee,Redmi-10
10.42.75.126,12:6e:a9:81:02:76,
10.42.75.100,f2:fe:2c:dc:92:37,
10.42.75.101,fe:fa:d3:bf:17:8a,
10.42.75.102,38:9a:f6:4d:5f:19,Galaxy-J7-Prime
10.42.75.103,a4:50:46:4a:f9:2f,POCOPHONEF1-POCOPHON
10.42.75.104,ee:38:d8:e1:4d:c2,Unknown
10.42.78.234,ae:d5:1c:24:ee:5a,
10.42.75.105,64:dd:e9:99:48:44,M2101K9AG
10.42.75.106,72:9d:ed:cd:61:01,
10.42.75.107,0e:0e:d4:0f:bf:4c,
10.42.77.131,0a:e2:e1:e0:50:05,
10.42.76.234,48:49:c7:30:af:ca,android-a99acc69c729e90e
10.42.75.108,1a:e0:da:ca:ac:0d,
10.42.75.109,36:b7:49:f4:65:25,
10.42.78.187,fa:bb:eb:44:cc:26,Rosely-Garrido
10.42.75.84,2a:73:bb:c3:df:a7,
10.42.77.134,b2:d1:ab:a8:7f:9d,moto-g23
10.42.78.179,66:f2:65:b8:2f:ff,
10.42.75.85,7a:b6:93:a9:40:6a,
10.42.77.168,3a:69:ab:1b:18:49,moto-e40
10.42.77.197,f6:97:1b:1a:1d:3b,Galaxy-Tab-A8
10.42.75.86,9a:fc:e3:1f:98:d4,
10.42.75.88,22:95:69:9c:96:36,
10.42.75.89,4a:2a:70:34:ca:6b,A53-de-Anna
10.42.75.87,6e:fc:51:eb:4b:09,S20-FE-de-Woschington
10.42.75.91,fa:82:69:b8:b9:66,
10.42.75.90,5c:cd:5b:db:e7:af,humap-nt-257265
10.42.75.92,ca:8c:9c:18:82:37,Galaxy-A32
10.42.68.82,da:9e:3d:8e:b1:bc,S10-Lite-de-Igor
10.42.77.146,8a:5b:18:cc:97:df,Redmi-Note-11
10.42.78.157,46:84:ce:e1:2a:bc,moto-e13
10.42.75.93,72:53:c9:62:b7:a3,Redmi-12
10.42.78.65,f0:d7:aa:08:27:f4,
10.42.72.96,5a:70:93:ef:f6:4a,
10.42.75.94,82:ac:63:fc:03:17,
10.42.78.22,02:39:6d:83:23:36,Redmi-13C
10.42.79.163,4a:91:42:83:49:85,
10.42.72.88,30:09:c0:41:d8:66,
10.42.77.136,fe:0e:1b:e1:4f:6c,Redmi-12
10.42.78.219,7c:8b:b5:17:e3:2f,Galaxy-J4
10.42.75.96,e6:0b:99:40:8d:a8,A30s-de-Joao
10.42.77.147,ca:77:e8:2c:ae:47,
10.42.74.77,92:0d:4a:65:6b:3b,android-4413be0931b9f256
10.42.79.165,92:35:a4:cd:00:14,Redmi-Note-11S
10.42.75.97,da:71:07:ff:57:4b,A51-de-JocyAmomuitotudoIsso
10.42.72.207,be:c7:2b:c9:9d:18,
10.42.75.98,52:df:00:f6:8c:13,A20s-de-Janete
10.42.76.185,62:76:c4:a8:8e:36,moto-g-20
10.42.75.74,2a:a0:f0:9a:f4:a4,Redmi-Note-10
10.42.75.75,de:14:37:38:40:ea,
10.42.77.155,50:92:b9:ea:5e:32,Galaxy-J7-Neo
10.42.75.76,c6:c4:19:1f:12:35,Redmi-Note-11-Pro-5G
10.42.79.188,c8:f3:19:07:9a:e4,
10.42.77.160,92:2b:1a:f7:e9:42,
10.42.75.77,36:b1:42:42:bf:b2,
10.42.75.78,ba:ab:6e:ca:89:e0,Galaxy-A04e
10.42.75.79,1a:94:62:46:a1:35,
10.42.79.83,50:98:39:d7:41:3a,
10.42.78.41,76:c1:1a:14:51:ad,Redmi-12
10.42.66.193,46:d5:3f:66:da:ff,moto-e40
10.42.75.80,5a:61:f8:81:1c:dd,
10.42.77.191,26:72:53:4b:75:96,
10.42.75.81,7e:de:c8:fc:94:85,
10.42.79.195,ea:42:44:f6:5f:46,
10.42.75.25,00:22:43:39:a5:ad,Diego-PC
10.42.75.26,ba:31:fa:bb:c2:94,
10.42.79.135,96:17:ff:c8:74:d0,moto-g22
10.42.75.27,42:f7:69:4c:04:da,Galaxy-A04s
10.42.79.112,fc:d4:36:9f:73:a7,
10.42.78.178,1a:e2:ac:94:47:d0,
10.42.79.178,66:16:98:87:f7:34,Galaxy-A32
10.42.75.28,fe:a1:a6:58:b1:8b,
10.42.75.30,04:d9:f5:6a:1a:fb,ASUS_A001D
10.42.75.31,26:7a:70:73:9b:f4,
10.42.77.176,12:6c:7b:86:37:df,
10.42.78.180,e2:bb:ff:32:81:50,moto-g-20
10.42.75.32,ce:16:b5:ea:6c:56,
10.42.75.33,b6:af:1f:2c:f1:68,
10.42.75.29,a0:ac:69:7b:7f:34,Galaxy-A20s-de-Andreia
10.42.79.193,42:10:1c:95:ba:e1,S21-FE-de-Krys
10.42.77.186,6e:aa:15:2e:91:dd,A53-de-Pamela
10.42.78.202,32:80:df:7f:30:4e,
10.42.75.34,12:cf:09:10:b9:f7,
10.42.75.35,7a:ef:17:6e:04:b7,A50-de-Juliana
10.42.66.170,4a:65:74:19:13:b1,
10.42.78.24,36:a0:76:22:9d:0c,HIT-P8
10.42.73.223,ce:d6:44:1a:55:f0,
10.42.75.37,5a:29:a9:a9:4b:0d,
10.42.75.36,0a:ca:b6:a0:4f:02,S20-FE-de-Cesar
10.42.78.190,0a:39:10:99:7d:7a,POCO-X5-Pro-5G
10.42.75.38,b2:ab:89:64:56:07,S20-FE-de-Greizielle
10.42.75.39,82:c9:f5:16:db:64,
10.42.75.40,72:51:74:35:7f:2b,
10.42.78.221,60:ab:67:e8:01:52,
10.42.67.60,6a:e1:1a:20:38:9d,
10.42.78.193,1a:5d:e8:d8:47:11,Galaxy-A14-5G
10.42.79.44,48:87:59:23:0a:3d,Redmi-Note-11S
10.42.77.250,e0:80:6b:9b:6d:f1,Redmi-Note-11
10.42.78.194,9a:fd:d2:f8:b6:c1,Redmi-Note-11S
10.42.75.41,9a:9d:67:05:de:3b,
10.42.78.246,92:d0:a0:ab:43:41,
10.42.79.179,5a:ef:50:1a:ef:6a,M2103K19G
10.42.75.42,ee:3a:63:7d:11:0d,
10.42.75.43,02:f2:35:41:d4:51,Camila-s-S23-Ultra
10.42.77.1,06:f9:bd:a3:d0:88,
10.42.74.78,2c:d0:66:43:13:a0,RedmiNote8-RedmiNote
10.42.79.182,7a:dd:1e:d4:5b:81,
10.42.75.44,32:80:e9:ce:bb:e9,
10.42.78.176,26:c1:36:a1:aa:9d,POCO-X4-Pro-5G
10.42.75.45,d6:59:fa:90:0c:f3,
10.42.75.46,72:07:ed:de:03:2b,
10.42.75.99,1e:61:85:c7:63:60,
10.42.77.243,7e:c2:31:11:4f:68,
10.42.75.47,ae:7a:97:18:ae:20,A13-de-Luzia
10.42.75.48,32:40:81:63:f8:57,
10.42.75.49,d2:27:ef:3a:61:17,S23-de-Victoria
10.42.75.50,aa:1f:49:7a:34:c1,
10.42.75.51,8e:9a:38:77:3f:73,A22-de-Mario
10.42.75.52,de:a6:89:c4:12:e0,Galaxy-S20-FE-5G
10.42.77.123,00:9e:ee:b4:dd:df,Twist-5-Pro
10.42.75.53,de:58:c9:aa:2d:60,
10.42.75.54,96:17:31:e0:55:5e,
10.42.77.203,02:62:56:4e:d9:81,Galaxy-A12
10.42.75.55,5a:1d:c5:ec:50:fc,
10.42.77.212,9c:bc:f0:68:81:da,RedmiNote9S-RedmiNot
10.42.77.3,da:7c:d6:01:41:81,Redmi-Note-12S
10.42.77.245,0a:39:cf:94:d0:41,
10.42.76.217,c6:13:08:bb:0d:10,
10.42.76.237,8a:f1:4c:26:86:70,
10.42.75.56,46:91:25:35:80:84,
10.42.77.246,c6:a5:28:e1:ee:c4,
10.42.77.60,0e:4f:0a:61:29:db,POCO-X5-5G
10.42.75.57,12:e6:de:1e:cf:db,
10.42.79.184,dc:b7:2e:cf:0a:6a,M2006C3MII-Redmi9
10.42.75.58,76:cd:51:da:38:3b,
10.42.76.225,0a:9d:74:11:ac:b5,Redmi-Note-9-Pro
10.42.78.53,72:87:b0:0a:75:43,
10.42.79.173,ba:17:86:db:88:07,Galaxy-A22
10.42.79.16,ae:84:cd:12:52:fb,M62-de-Isaias
10.42.77.56,a4:50:46:7e:25:3b,
10.42.75.59,ce:7a:84:7c:17:87,POCO-X5-Pro-5G
10.42.65.218,22:4a:f4:e4:2d:5e,Redmi-Note-12-5G
10.42.77.78,82:22:99:58:06:65,M62-de-Guilherme
10.42.75.60,ea:5c:b3:09:92:22,Mercia-Nantes
10.42.69.72,b6:ec:2e:7a:3d:22,
10.42.77.132,e6:08:77:94:2b:af,Galaxy-A50-de-francisco
10.42.75.61,8e:d2:49:ac:9a:e9,
10.42.76.203,70:fd:46:44:b7:28,SM-J410G
10.42.77.43,48:90:2f:a9:6f:19,K52
10.42.75.63,d2:83:7b:09:b0:30,
10.42.74.84,04:10:6b:72:f5:3c,Redmi-Note-11
10.42.75.64,52:0b:3e:2a:b9:68,
10.42.78.217,be:d1:97:bd:43:8b,POCO-X3-Pro
10.42.76.207,8a:4b:9d:51:c4:d3,Samsungigor
10.42.76.192,e2:ab:9b:4a:e4:6c,Redmi-Note-12
10.42.77.34,72:16:ff:60:be:b9,
10.42.75.65,92:dc:ab:d5:c1:30,Galaxy-A10s-de-Graciela
10.42.75.66,26:a0:b0:1d:7a:a9,
10.42.66.154,b4:c4:fc:fd:08:67,RedmiNote7-xiaomired
10.42.76.105,52:5e:25:0b:1e:61,M2102J20SG
10.42.76.219,5e:c3:ed:34:39:be,Redmi-Note-10
10.42.76.197,2a:d5:22:61:99:be,
10.42.65.131,64:a2:00:96:ba:22,M2010J19CG-POCOM3
10.42.77.66,1e:d6:a7:59:d0:f1,
10.42.78.42,92:2c:08:0b:52:e4,
10.42.75.68,6a:78:4e:c7:41:13,
10.42.74.174,ea:a6:5a:aa:1c:50,moto-g22
10.42.77.9,ee:36:7b:70:1b:29,Redmi-Note-12-5G
10.42.74.80,7e:47:a3:7d:91:68,
10.42.76.132,b6:40:b2:37:57:52,Galaxy-A30s
10.42.64.222,8a:d3:62:93:fd:51,Redmi-Note-9-Pro
10.42.78.196,74:15:75:11:0e:fd,M2010J19SL-Redmi9T
10.42.75.69,6a:71:99:1d:8b:aa,Galaxy-02s
10.42.75.70,32:69:64:bb:7c:a7,Redmi-Note-12
10.42.78.43,68:7d:6b:2e:09:31,SM-J410G
10.42.76.209,be:e9:e4:c6:83:67,
10.42.77.253,5e:69:6b:aa:d7:28,
10.42.76.254,2a:73:a0:b9:15:da,moto-g22
10.42.75.71,76:d8:35:92:11:04,S20-FE-de-No-name
10.42.79.48,42:86:fb:4c:7a:4a,M2101K7AG
10.42.79.149,0a:0a:3f:7c:42:48,M2103K19G
10.42.76.128,bc:98:df:b0:2f:3e,
10.42.75.72,be:28:6d:0c:42:8c,
10.42.76.216,1a:de:56:6e:82:c7,
10.42.76.140,a2:be:6f:c0:e0:5c,M2101K7AG
10.42.76.190,e6:2a:ed:2e:20:00,S22-Ultra-de-Ivone
10.42.76.214,fe:d6:75:b5:a7:62,Galaxy-A10
10.42.75.62,8a:0e:9b:33:fb:e8,Galaxy-M52-5G
10.42.77.29,9a:6f:9c:db:fe:70,
10.42.68.211,ca:e2:1c:21:3b:b3,moto-g22
10.42.76.244,e8:f7:91:8b:f0:38,Redmi-10A
10.42.74.175,8a:b1:4d:52:58:74,S20-FE-de-Alexandre
10.42.77.62,d6:e2:1e:e6:78:ac,
10.42.78.191,10:3f:44:41:fc:e5,M2003J15SC
10.42.74.176,3a:bf:af:07:1e:b0,M2004J19C
10.42.78.173,06:e5:27:9c:fd:d4,moto-g-20
10.42.78.165,98:39:8e:79:2b:07,Galaxy-J7-2016
10.42.74.177,a8:16:d0:25:00:cd,android-54729e2b2b1fd0bd
10.42.76.195,de:c5:d8:96:e8:ac,Redmi-Note-12S
10.42.74.178,32:ab:66:33:bc:cf,Galaxy-A13
10.42.76.236,f6:3b:3c:86:fe:57,A22-de-Edina
10.42.72.171,2e:c0:0c:e5:d4:65,Redmi-Note-8-2021
10.42.74.179,32:f4:19:84:ec:32,moto-g-20
10.42.77.167,e4:84:d3:e1:ab:b7,POCO-M4-Pro
10.42.76.89,42:b2:fe:6a:96:75,POCO-X4-GT
10.42.74.180,5a:7b:1e:2d:1a:4c,Redmi-Note-11-Pro-5G
10.42.74.181,62:4f:b7:47:e1:b0,S20-FE-5G-de-Matheus
10.42.79.61,5a:f2:f3:ed:65:f9,S20-de-Adriana
10.42.74.182,de:35:24:32:15:a9,S23-de-Agatha
10.42.74.183,8e:25:c2:ee:76:a7,Redmi-12C
10.42.76.118,4e:a1:ab:52:28:2d,
10.42.78.192,1e:61:42:65:1f:a8,POCO-X5-5G
10.42.78.164,06:21:52:fc:f7:bd,Redmi-Note-12S
10.42.77.100,8e:1a:76:77:99:b0,M2101K7AG
10.42.74.184,e4:84:d3:4f:94:48,Redmi-Note-11
10.42.74.185,50:16:f4:c0:42:ca,moto-g23
10.42.76.181,96:a3:af:3a:53:2e,Galaxy-M53-5G
10.42.76.84,9e:b5:99:16:0e:81,
10.42.65.37,da:da:3d:1a:c8:89,A22-de-Alcione
10.42.74.72,50:98:39:d0:e7:84,RedmiNote8Pro-RedmiN
10.42.78.146,9a:34:37:e0:dd:40,
10.42.78.252,76:aa:73:0b:7a:c7,
10.42.76.201,7a:91:54:97:05:bb,S21-FE-de-Marco
10.42.79.192,fa:54:3d:c8:c2:dd,POCO-X4-Pro-5G
10.42.74.186,82:7e:ad:53:46:71,
10.42.77.152,66:4f:c8:dc:de:f3,Redmi-Note-12
10.42.67.36,30:fc:eb:8a:ee:7c,K71
10.42.74.188,b2:85:ee:cd:3e:aa,S20-FE-de-Rafael
10.42.74.189,76:cc:87:31:2b:00,realme-C11-2021
10.42.65.248,9c:5a:81:de:c1:00,M1908C3JGG
10.42.74.190,28:83:35:62:c1:d5,android-8995f7739b849c14
10.42.79.15,1c:cc:d6:e8:a1:13,RedmiNote8-RedmiNote
10.42.78.236,5a:53:90:d7:12:e6,Redmi-Note-10-Pro
10.42.74.191,dc:b7:2e:ac:df:92,
10.42.76.103,60:ab:67:fe:5a:35,MI8Lite-MI8Lite
10.42.74.192,1e:52:f1:7a:02:85,Marcia-Romin
10.42.77.153,9e:7e:35:50:6e:b8,
10.42.74.193,7c:8b:b5:8d:4f:2f,SM-J410G
10.42.74.194,6a:84:e1:a0:91:17,
10.42.74.195,66:bd:67:0a:98:2a,A50-de-WELLINGTON
10.42.76.85,48:87:59:0b:3b:2d,POCO-X4-Pro-5G
10.42.72.46,f4:5c:89:b9:ff:c7,MBP-de-Aline
10.42.74.196,82:7b:9d:70:d4:78,
10.42.78.163,f8:1f:32:09:45:05,
10.42.76.173,f6:66:a0:f1:4b:89,
10.42.78.205,a4:4b:d5:d2:65:f3,RedmiNote8-lnova
10.42.78.207,1a:61:44:2d:ec:23,Galaxy-A14-5G
10.42.74.197,60:68:4e:a7:69:e6,Galaxy-A52s-5G
10.42.74.198,42:6a:02:9e:d9:75,Redmi-12C
10.42.77.47,04:d9:f5:43:b1:4d,ASUS_A001D
10.42.74.199,72:f0:e1:02:cc:b6,
10.42.74.200,2a:a3:7a:30:4a:6e,Redmi-Note-11
10.42.76.119,3a:a5:3a:9d:77:90,S23-de-Isabela
10.42.77.15,42:30:2d:bd:a5:21,Redmi-10-Prime
10.42.74.201,9c:28:f7:5f:be:4b,
10.42.76.206,5c:cd:5b:f8:3f:f4,DESKTOP-LCC0SEF
10.42.78.224,5e:b1:9c:0a:36:74,Redmi-Note-9S
10.42.74.202,e6:dd:be:49:42:5e,
10.42.79.2,2a:cd:b8:21:46:bc,
10.42.75.213,9c:bc:f0:60:9e:44,RedmiNote8-RedmiNote
10.42.74.203,5c:cd:5b:f8:20:05,DESKTOP-9BGT7CM
10.42.74.204,b2:85:a7:3f:9b:a9,
10.42.72.63,4e:52:22:d1:bc:8d,humap-wk-258254
10.42.76.239,ae:f6:ac:0a:bc:90,
10.42.65.217,60:6e:e8:f1:a0:de,M2101K7AI
10.42.74.205,d6:5c:26:8d:bb:a6,S20-FE-de-Marcella
10.42.75.238,ae:fc:d0:c1:a8:ba,Redmi-Note-10-Pro
10.42.75.254,8a:9d:3f:fe:b3:cf,
10.42.74.206,ba:7b:ff:3b:99:76,Redmi-Note-11S
10.42.74.75,1e:0d:ae:56:1b:d7,
10.42.78.147,7a:7c:30:61:69:06,
10.42.75.203,82:be:6a:e2:95:4a,
10.42.74.207,ac:1e:9e:b1:1d:b5,Redmi-Note-11
10.42.75.204,42:ab:29:c3:bc:e8,
10.42.78.154,c2:4b:2d:38:d9:95,Galaxy-A21s
10.42.74.87,1c:cc:d6:dc:39:72,RedmiNote8-RedmiNote
10.42.76.129,22:2d:4d:4e:0d:95,
10.42.74.208,c6:7b:3b:5f:30:4f,
10.42.77.23,12:88:dc:44:22:56,Redmi-Note-12S
10.42.77.59,d8:b0:53:70:61:ed,M2006C3MII-Redmi9
10.42.74.209,f6:0b:1f:00:59:b6,
10.42.74.210,72:78:32:81:6b:2a,
10.42.76.101,16:eb:91:68:cf:f7,A14-de-Pamela
10.42.76.80,ca:99:7f:8f:f6:9a,Redmi-Note-12-Pro-5G
10.42.74.211,fa:59:39:83:d9:6d,
10.42.72.118,58:d9:c3:7d:5c:59,
10.42.74.212,26:dc:30:ac:dc:48,
10.42.74.214,d6:70:7e:cd:15:e3,
10.42.74.215,86:05:65:83:c3:e3,
10.42.76.92,9e:c8:8d:62:8e:f9,
10.42.76.5,32:41:2b:64:28:4e,
10.42.74.216,82:48:c8:49:b3:aa,
10.42.69.140,60:6e:e8:ce:ef:88,M2102J20SG
10.42.79.155,8a:a2:b6:26:09:10,
10.42.79.81,a6:c4:5a:47:eb:9f,
10.42.76.28,be:e7:3e:6c:6f:84,moto-g22
10.42.75.219,f2:78:3f:ae:f8:8d,
10.42.76.3,ac:5a:fc:c7:be:97,LenovoRafael
10.42.74.218,f4:3b:d8:c8:d3:c2,Luana-note
10.42.74.219,e6:7f:67:9d:ff:49,Tab-S6-de-Marco
10.42.74.220,ce:7a:d6:8e:a9:ae,
10.42.72.39,b4:8c:9d:d7:46:85,CN8-2C002879
10.42.74.217,c8:c7:50:a8:db:f4,
10.42.76.35,e0:80:6b:a1:48:61,Redmi-Note-11
10.42.74.221,52:b0:bd:43:07:88,
10.42.79.84,a6:bb:81:b4:fe:80,Redmi-Note-11
10.42.74.222,3a:90:b9:dc:b2:29,
10.42.76.32,86:d9:20:93:51:47,POCO-F5
10.42.79.183,48:2c:a0:73:b1:32,MI8-MI8
10.42.75.230,56:4b:fe:25:72:fc,M51-de-Jean-Carlo
10.42.72.73,22:2c:7a:2c:32:e4,moto-g22
10.42.77.227,be:93:de:30:20:11,
10.42.78.215,fc:64:3a:a8:8c:da,android-d7c5e897b44bda48
10.42.79.157,48:51:69:19:9c:d2,SM-J410G
10.42.75.255,8e:96:ed:41:bd:57,
10.42.79.175,5c:d0:6e:ba:55:2c,M2006C3LII-Redmi9i
10.42.74.223,48:49:c7:54:fb:1c,Galaxy-J7-Prime
10.42.66.46,18:d6:1c:71:85:58,android-f73478fc5d1409b3
10.42.79.101,50:da:d6:80:9b:a4,Redmi-Note-11
10.42.77.144,5e:2e:15:f2:4d:f7,Galaxy-A03
10.42.74.85,3c:13:5a:24:f7:3a,Redmi-Note-12-Pro
10.42.64.100,8e:1d:b4:f9:27:dd,
10.42.79.100,fc:64:3a:e8:77:70,SM-J410G
10.42.77.13,02:82:b4:06:b6:c3,S20-FE-de-sara
10.42.74.224,b2:5c:2d:86:64:62,S21-de-Jean
10.42.77.130,76:83:72:5e:80:d5,
10.42.77.65,72:2c:84:8f:4e:ee,A20-de-Juliano
10.42.74.225,c6:88:e3:e2:f7:43,Galaxy-A50
10.42.76.8,8e:b8:c3:df:94:1d,Galaxy-A11-de-Luis
10.42.74.226,b2:89:3a:06:d3:db,Redmi-Note-8-2021
10.42.78.170,16:c3:94:61:83:0c,M2102J20SG
10.42.74.227,6a:47:50:82:51:53,Galaxy-A10
10.42.74.228,da:11:df:d6:67:81,
10.42.78.175,5a:0d:77:be:d4:56,Galaxy-A01
10.42.74.229,8c:7a:aa:f2:37:a7,
10.42.75.137,a8:16:d0:51:9f:5f,Galaxy-J5-Pro
10.42.75.83,82:1a:c1:91:94:c8,Redmi-Note-10-Pro
10.42.74.230,e0:1f:88:b7:29:59,Redmi8A-Redmi8A
10.42.76.7,82:28:3e:63:34:b4,Galaxy-S20-FE-5G
10.42.74.231,38:9a:f6:42:a3:9d,Galaxy-J5-Prime
10.42.75.190,5a:8a:d7:07:08:75,S21-FE-de-Simone
10.42.74.232,5c:d0:6e:90:bd:a2,M2006C3LII-Redmi9i
10.42.74.233,d2:78:ae:1b:bd:f0,Redmi-Note-12
10.42.75.253,6a:44:96:6c:43:c4,
10.42.75.250,ea:7d:72:77:fa:97,M2004J19C
10.42.77.225,32:b8:d9:99:3f:97,
10.42.77.0,3c:a1:0d:81:30:71,Cleice-Strada
10.42.74.234,b2:02:d6:2c:1c:d6,POCO-M4-Pro
10.42.77.61,a2:05:0c:63:3d:9f,Redmi-12
10.42.77.193,b2:5a:b7:16:90:69,moto-g22
10.42.79.131,f2:ab:20:f9:b9:76,A22-de-Ronaldo
10.42.74.235,bc:6a:d1:7b:f0:d5,M2006C3MII-Redmi9
10.42.79.77,f2:30:39:05:98:92,moto-e20
10.42.74.236,42:f3:34:65:aa:50,
10.42.74.237,3a:7a:c7:d7:08:43,
10.42.77.45,a2:79:23:54:73:db,
10.42.73.63,a0:4f:85:fe:c3:c8,K71
10.42.79.129,6e:77:5b:82:dc:cd,moto-g-20
10.42.76.127,22:0a:b9:96:aa:f3,Galaxy-A52s-5G
10.42.69.100,04:d4:c4:a2:5b:40,ASUS_A001D
10.42.74.239,16:88:8c:41:48:6b,
10.42.77.239,88:52:eb:78:60:0a,POCO-X4-Pro-5G
10.42.74.241,d2:f5:d4:61:b4:6a,Redmi-12
10.42.77.237,1a:a5:a8:85:9b:16,Galaxy-A32
10.42.74.242,44:6d:57:63:b5:c5,ASUS
10.42.74.243,f2:a1:65:eb:ce:00,
10.42.75.149,66:31:4f:12:b1:ce,
10.42.70.210,70:3a:51:22:90:51,
10.42.76.145,2e:e8:92:9e:ef:1c,
10.42.76.114,b2:d5:fd:7d:4c:82,moto-g22
10.42.77.201,12:3c:91:44:cf:24,
10.42.75.134,22:00:d1:66:78:aa,
10.42.75.157,bc:98:df:29:36:b1,
10.42.79.6,06:48:fd:56:c7:8b,Tab-S6-Lite-de-Priscilla
10.42.77.40,22:8f:69:98:b3:0a,Redmi-Note-12
10.42.74.245,d2:84:c2:33:b4:61,
10.42.74.246,96:f7:2c:33:8b:2e,Galaxy-A03-Core
10.42.79.125,fa:26:83:28:dd:d1,
10.42.74.247,ba:da:97:22:7a:28,
10.42.76.159,36:6b:aa:4a:a7:8d,Galaxy-A32
10.42.76.200,38:9a:f6:ec:bf:71,Galaxy-J2-Pro
10.42.77.93,82:d6:fe:97:71:08,
10.42.79.159,4e:12:7a:85:ce:2e,A30-de-Klaiye
10.42.72.25,8c:d9:d6:2d:de:3a,
10.42.77.240,58:20:59:00:2b:0c,RedmiNote7-Tiago
10.42.76.11,04:d9:f5:6c:e0:95,
10.42.74.82,c2:ac:c1:73:0c:57,Galaxy-J6
10.42.76.46,62:a9:20:9b:05:76,A32-de-SANDRA
10.42.76.62,48:49:c7:ab:03:b0,Galaxy-J5-Prime
10.42.74.81,ce:e6:66:d1:e5:69,
10.42.74.248,80:47:86:1b:b3:57,Samsung
10.42.66.92,62:e9:43:88:0f:39,
10.42.76.10,8a:03:d5:22:80:f2,
10.42.74.249,b2:f2:7d:6f:01:43,moto-g-20
10.42.76.126,ee:58:1d:62:1e:d4,
10.42.76.160,38:2d:d1:95:83:c7,Galaxy-Tab-S2
10.42.78.206,02:14:33:71:ec:6b,S20-FE-de-Lorenna
10.42.74.250,4e:a1:5f:66:59:d5,Galaxy-A12
10.42.77.36,fe:34:d7:cd:d3:c2,Galaxy-A31-de-Ei-Dudu
10.42.74.251,8c:b0:e9:05:5a:87,DESKTOP-H09SAL5
10.42.71.105,7c:8b:b5:b1:b3:09,Galaxy-A30
10.42.74.252,a2:de:17:99:46:db,A30s-de-severine
10.42.67.68,50:92:b9:bb:20:60,Galaxy-J7-Prime
10.42.76.208,3e:e8:e6:62:00:35,
10.42.75.183,38:9a:f6:90:49:e5,Galaxy-J5-Prime
10.42.78.199,1a:f9:9e:92:13:0a,
10.42.77.208,ea:c9:c5:a8:69:cb,realme-C55
10.42.73.178,0c:ec:8d:67:88:dc,
10.42.74.253,4e:2d:8e:c0:f4:5d,A54-de-Felipe
10.42.74.254,92:fe:29:eb:38:91,Galaxy-A10s
10.42.79.176,f0:35:75:a8:44:9e,
10.42.78.6,9e:fe:5f:90:a5:c2,
10.42.79.198,9e:30:0c:ae:38:65,
10.42.78.106,36:15:3b:b5:4a:18,moto-g-20
10.42.78.140,aa:fa:fa:cf:1d:99,
10.42.78.244,7a:73:f1:db:75:3d,Z-Flip4-de-Emanuely
10.42.76.37,2e:df:99:a4:27:cd,Redmi-Note-12-5G
10.42.78.240,de:78:59:5f:be:02,Redmi-Note-10S
10.42.74.255,32:ed:ae:a7:2e:54,M62-de-Vitor
10.42.77.187,3e:0a:02:19:46:6a,moto-g22
10.42.76.18,d4:c9:4b:89:ab:c3,
10.42.76.52,96:fd:04:61:d8:ff,Galaxy-A51-de-lurdes
10.42.78.183,e2:1c:70:49:6e:ca,
10.42.65.220,ae:28:68:14:c0:6b,
10.42.79.102,42:76:1e:39:7c:9c,
10.42.78.162,36:c7:ca:d5:61:79,
10.42.75.0,06:29:ed:0d:b9:1d,A73-de-Priscilla
10.42.77.214,46:b5:6b:2c:9b:6d,
10.42.78.76,b2:54:b0:71:56:86,
10.42.68.1,5e:5b:90:66:38:9c,
10.42.78.78,82:22:c7:29:8f:d0,
10.42.77.81,52:fc:7d:4f:5c:17,
10.42.77.77,2e:d8:e0:c6:97:83,
10.42.77.86,d0:88:0c:ad:73:5c,
10.42.78.103,8e:cf:b3:93:25:8e,
10.42.77.76,5a:0e:7e:7d:a5:db,
10.42.77.80,d6:bb:38:72:df:8e,
10.42.78.118,2a:42:ab:ae:62:fd,
10.42.77.85,02:bf:ac:49:d8:8e,
10.42.78.87,f6:f2:2b:dd:c6:4e,
10.42.77.189,52:6c:ae:16:e8:96,
10.42.77.195,86:7d:a4:e3:d5:a4,
10.42.78.245,82:d5:4b:95:45:0f,
10.42.77.220,5a:6a:02:a9:53:0d,
10.42.78.25,54:e4:3a:cb:8d:2a,iPad
10.42.79.49,2e:23:80:d5:32:62,
10.42.72.68,16:7d:3d:dc:70:e4,
10.42.77.211,e6:44:a2:83:49:fd,
10.42.77.209,36:30:12:7d:e7:32,
10.42.77.103,36:d8:ed:51:a8:33,
10.42.79.19,06:5b:09:e9:d5:a5,
10.42.77.217,70:ae:d5:40:b1:ec,
10.42.72.72,28:5a:eb:b8:69:13,iPhonedeEliana
10.42.79.8,e2:8e:9c:f6:be:e8,
10.42.77.116,ee:ba:8a:50:06:42,
10.42.78.241,5e:ae:64:07:d7:3d,
10.42.77.148,9e:88:ae:43:c0:1a,
10.42.74.114,c2:62:6a:7a:fa:0f,
10.42.76.102,e2:82:54:c8:24:96,
10.42.77.64,52:9e:4a:db:a7:66,
10.42.76.211,da:1c:40:f6:d2:75,
10.42.69.135,96:c2:a7:c0:50:69,
10.42.76.178,66:11:af:dc:9e:1f,
10.42.65.33,ca:e7:b4:da:65:b5,
10.42.78.238,3e:2c:35:75:fe:09,
10.42.76.154,f2:75:8d:51:90:8a,
10.42.76.179,12:09:21:9a:e3:05,
10.42.77.127,3a:0b:22:ce:2c:60,
10.42.77.55,aa:3f:54:fc:db:01,
10.42.76.60,06:e0:d2:b4:cf:1c,
10.42.76.72,9a:19:ab:c0:62:8c,
10.42.76.58,9a:e4:32:f2:f0:64,
10.42.77.223,7e:84:d4:ec:e6:72,
10.42.79.93,a6:1c:ef:ca:8d:b9,
10.42.76.93,52:16:0f:46:00:2b,
10.42.76.176,36:ba:8c:40:4d:f4,
10.42.76.124,26:ba:07:b2:52:6e,
10.42.76.133,42:67:32:a5:90:c0,
10.42.75.206,46:a5:42:8a:39:0b,
10.42.77.226,8a:a8:bf:41:1c:62,
10.42.76.155,b6:83:eb:d5:b1:99,
10.42.77.154,76:cc:6d:90:3a:e6,
10.42.75.212,c2:09:e3:1e:24:9e,
10.42.76.144,c2:ae:bd:4a:88:ea,
10.42.76.146,6e:a2:a8:f1:ca:bf,
10.42.76.135,ba:b6:c2:ed:3a:de,
10.42.76.110,c2:14:17:a8:ae:e0,
10.42.78.125,22:65:5b:e7:dd:f2,
10.42.75.226,26:a5:41:4a:1d:e3,
10.42.77.79,82:dd:a3:dd:a6:b2,
10.42.75.112,46:d1:66:cf:95:a3,
10.42.77.173,b6:0d:27:02:53:dc,
10.42.76.36,92:15:0a:88:d0:de,
10.42.75.252,f2:6b:98:21:ec:10,
10.42.76.34,fa:48:22:88:1a:dc,
10.42.76.47,32:e7:7f:2f:ec:57,
10.42.76.198,6e:0d:ef:f8:a4:92,
10.42.75.115,ca:a9:1d:ad:cc:13,
10.42.77.54,2e:13:a0:b5:c6:08,
10.42.75.117,92:bd:1a:82:17:99,
10.42.79.34,d2:68:5a:30:ad:52,
10.42.76.174,36:a8:b1:29:62:19,
10.42.75.207,5a:68:c0:0a:04:03,
10.42.75.245,7a:e2:9a:91:91:d0,
10.42.78.111,,
10.42.75.191,,
10.42.71.104,,
10.42.70.23,,
10.42.64.217,,
10.42.71.57,,
10.42.64.225,,
10.42.67.37,,
10.42.64.122,,
10.42.67.194,,
10.42.32.11,2a:e3:c1:a1:3c:bf,
10.42.32.12,24:18:1d:93:0f:85,
10.42.32.13,1e:fb:26:ec:76:17,
10.42.32.14,52:1b:b8:2e:20:57,
10.42.32.15,ce:64:c4:66:2a:c3,
10.42.32.16,c6:bb:35:5d:6f:12,
10.42.32.18,5a:8d:94:b4:80:39,
10.42.32.20,22:ab:43:3c:95:1d,
10.42.32.17,52:68:c8:a6:ba:d8,A13-de-Evertonuu
10.42.32.22,ea:d4:0b:67:01:87,POCO-M4-Pro
10.42.32.23,76:bf:da:da:81:73,Galaxy-A02s-de-canal-do-js
10.42.32.24,4e:b4:7e:72:ca:36,A32-de-Josiane
10.42.32.27,da:cc:d5:49:14:90,
10.42.32.29,ca:3a:f7:40:da:a4,POCO-X4-Pro-5G
10.42.32.30,a8:16:d0:9b:65:57,Thiago-Barreto
10.42.32.31,e6:64:0a:20:8a:be,Galaxy-A31
10.42.32.33,3a:ce:ca:f8:bf:81,Galaxy-J6
10.42.32.34,46:0d:32:14:8d:1d,
10.42.32.36,1a:02:00:a7:53:2f,Aryane
10.42.32.37,46:25:f3:06:08:47,S20-FE-de-Marcella
10.42.32.38,02:82:41:ef:80:75,POCO-M4-Pro-5G
10.42.32.39,56:d3:84:a2:aa:fc,
10.42.32.10,b2:27:d4:8d:80:9c,S22-Ultra-de-Edwaner
10.42.32.40,1a:f0:c4:22:82:fb,
10.42.32.41,de:6b:28:b4:39:6b,
10.42.32.28,66:3d:e3:a8:15:7d,A22-de-Alcione
10.42.32.19,d2:3f:35:eb:1d:fc,moto-g22
10.42.32.42,c6:34:8e:ab:51:86,Redmi-12C
10.42.32.26,46:c3:c7:f2:be:2f,
10.42.32.21,6e:16:74:8b:75:7b,A54-de-Silvia-Raquel
10.42.32.43,aa:71:f4:da:5d:a0,A14-da-Vani
10.42.32.32,fa:80:bf:37:f1:af,A22-de-Edina
10.42.32.44,c2:a1:7b:0f:ba:d4,Galaxy-A71-de-Carolina
10.42.32.45,96:5f:af:48:bb:77,Galaxy-Tab-S6-Lite-de-Alexandre
10.42.32.46,6e:80:d3:bd:6c:6d,A32-de-MIRIA
10.42.32.35,a2:7b:70:33:94:48,A03s-de-Iasmin
10.42.32.47,ca:59:44:61:59:40,A30s-de-severine
10.42.32.25,12:78:7c:e4:de:9e,
10.42.242.205,c4:00:ad:31:45:fe,840-18437
10.42.242.204,00:50:56:b7:e4:ac,humap-vp-bck02
10.42.242.201,00:19:0f:54:66:78,CN8-21002048
10.42.242.203,00:19:0f:2e:5c:fa,US-5L2RPUIDHOMF
10.42.242.202,00:19:d1:e0:51:ad,DAR-9000
10.42.235.239,64:d1:54:49:37:0c,AP-DIEN
10.42.235.233,00:50:56:b7:80:49,humap-wk-testch
10.42.3.234,d0:94:66:ca:c0:60,humap-wk-257089
10.42.3.235,10:e7:c6:c4:db:ed,humap-wk-518975
10.42.3.249,10:e7:c6:c4:fb:60,humap-wk-jch
10.42.145.240,00:80:9f:dc:93:0b,
10.42.139.230,00:80:9f:ef:f1:83,
10.42.75.1,b2:1c:d1:e3:57:23,Galaxy-A30s-de-Luciana
10.42.77.185,8a:d8:a6:99:71:64,
10.42.75.2,fc:64:3a:c3:62:62,SM-J410G
10.42.65.66,38:9a:f6:70:a8:fb,Galaxy-J7-Prime
10.42.75.3,7c:d6:61:ce:fc:85,Redmi8-Redmi
10.42.97.188,48:a4:93:98:f0:ec,
10.42.97.224,48:a4:93:98:3f:86,
10.42.75.4,02:33:88:42:b2:a1,Galaxy-A51-de-Carol
10.42.79.97,d6:e2:a5:f6:9b:fd,moto-g22
10.42.75.5,76:44:3f:1b:fb:01,POCO-X4-GT
10.42.79.37,7e:72:c5:59:87:27,Redmi-Note-12
10.42.156.58,84:a9:3e:f1:cc:e7,HUMAP-WK-254857
10.42.97.220,48:a4:93:98:f3:0e,
10.42.77.175,ee:de:7d:ff:cc:84,
10.42.77.68,30:45:96:66:5e:42,
10.42.150.134,70:85:c2:f1:c1:08,dash
10.42.154.56,70:85:c2:f1:c0:fa,dash
10.42.75.6,be:aa:a1:41:0a:1f,
10.42.154.57,70:85:c2:f4:ed:45,dash
10.42.144.133,70:85:c2:f1:c0:a3,dash
10.42.97.186,48:a4:93:9b:8f:6c,
10.42.75.7,ee:b0:51:d8:d8:c5,Galaxy-A23-5G
10.42.75.8,aa:65:ba:30:3a:2a,realme-C11-2021
10.42.79.117,1e:ee:c5:46:6a:9d,A22-de-Rodrigo
10.42.184.19,fc:aa:14:f4:d0:53,HUMAP-WK-243361
10.42.77.183,02:48:ea:1a:2b:4a,
10.42.78.239,d4:d8:53:72:d4:c7,
10.42.75.9,ce:07:5b:a3:12:ff,
10.42.79.119,b6:db:71:6e:87:26,Redmi-Note-11S
10.42.75.10,0e:c5:33:41:7c:1e,Galaxy-A30s
10.42.78.11,be:e3:c7:ad:9d:35,Galaxy-A03-Core
10.42.170.55,70:85:c2:f1:c1:10,dash
